Character,UnicodeHex,UnicodeInt,UnicodeName,CleanedChar,CleanedCharHex,CleanedCharInt,CleanedCharName
–,0X2013,8211,EN DASH,,,,
—,0X2014,8212,EM DASH,,,,
‘,0X2018,8216,LEFT SINGLE QUOTATION MARK,,,,
’,0X2019,8217,RIGHT SINGLE QUOTATION MARK,',0X0027,39.0,APOSTROPHE
“,0X201C,8220,LEFT DOUBLE QUOTATION MARK,"""",0X0022,34.0,QUOTATION MARK
”,0X201D,8221,RIGHT DOUBLE QUOTATION MARK,"""",0X0022,34.0,QUOTATION MARK
․,0X2024,8228,ONE DOT LEADER,,,,
…,0X2026,8230,HORIZONTAL ELLIPSIS,,,,
※,0X203B,8251,REFERENCE MARK,,,,
₁,0X2081,8321,SUBSCRIPT ONE,,,,
₂,0X2082,8322,SUBSCRIPT TWO,,,,
₃,0X2083,8323,SUBSCRIPT THREE,,,,
℃,0X2103,8451,DEGREE CELSIUS,,,,
ℓ,0X2113,8467,SCRIPT SMALL L,,,,
Ⅰ,0X2160,8544,ROMAN NUMERAL ONE,,,,
Ⅱ,0X2161,8545,ROMAN NUMERAL TWO,,,,
Ⅲ,0X2162,8546,ROMAN NUMERAL THREE,3,0X0033,51.0,DIGIT THREE
Ⅳ,0X2163,8547,ROMAN NUMERAL FOUR,,,,
Ⅴ,0X2164,8548,ROMAN NUMERAL FIVE,,,,
Ⅵ,0X2165,8549,ROMAN NUMERAL SIX,,,,
Ⅶ,0X2166,8550,ROMAN NUMERAL SEVEN,,,,
Ⅷ,0X2167,8551,ROMAN NUMERAL EIGHT,,,,
↔,0X2194,8596,LEFT RIGHT ARROW,,,,
∙,0X2219,8729,BULLET OPERATOR,,,,
∥,0X2225,8741,PARALLEL TO,,,,
∼,0X223C,8764,TILDE OPERATOR,~,0X007E,126.0,TILDE
≤,0X2264,8804,LESS-THAN OR EQUAL TO,,,,
①,0X2460,9312,CIRCLED DIGIT ONE,,,,
Ⓡ,0X24C7,9415,CIRCLED LATIN CAPITAL LETTER R,,,,
ⓚ,0X24DA,9434,CIRCLED LATIN SMALL LETTER K,,,,
─,0X2500,9472,BOX DRAWINGS LIGHT HORIZONTAL,,,,
│,0X2502,9474,BOX DRAWINGS LIGHT VERTICAL,,,,
┌,0X250C,9484,BOX DRAWINGS LIGHT DOWN AND RIGHT,,,,
┐,0X2510,9488,BOX DRAWINGS LIGHT DOWN AND LEFT,,,,
└,0X2514,9492,BOX DRAWINGS LIGHT UP AND RIGHT,,,,
┘,0X2518,9496,BOX DRAWINGS LIGHT UP AND LEFT,,,,
├,0X251C,9500,BOX DRAWINGS LIGHT VERTICAL AND RIGHT,,,,
┤,0X2524,9508,BOX DRAWINGS LIGHT VERTICAL AND LEFT,,,,
┬,0X252C,9516,BOX DRAWINGS LIGHT DOWN AND HORIZONTAL,,,,
┴,0X2534,9524,BOX DRAWINGS LIGHT UP AND HORIZONTAL,,,,
┼,0X253C,9532,BOX DRAWINGS LIGHT VERTICAL AND HORIZONTAL,,,,
■,0X25A0,9632,BLACK SQUARE,,,,
○,0X25CB,9675,WHITE CIRCLE,,,,
●,0X25CF,9679,BLACK CIRCLE,,,,
♥,0X2665,9829,BLACK HEART SUIT,,,,
「,0X300C,12300,LEFT CORNER BRACKET,,,,
」,0X300D,12301,RIGHT CORNER BRACKET,,,,
ち,0X3061,12385,HIRAGANA LETTER TI,,,,
ば,0X3070,12400,HIRAGANA LETTER BA,,,,
ア,0X30A2,12450,KATAKANA LETTER A,,,,
ィ,0X30A3,12451,KATAKANA LETTER SMALL I,,,,
ウ,0X30A6,12454,KATAKANA LETTER U,,,,
エ,0X30A8,12456,KATAKANA LETTER E,,,,
キ,0X30AD,12461,KATAKANA LETTER KI,,,,
グ,0X30B0,12464,KATAKANA LETTER GU,,,,
コ,0X30B3,12467,KATAKANA LETTER KO,,,,
シ,0X30B7,12471,KATAKANA LETTER SI,,,,
ジ,0X30B8,12472,KATAKANA LETTER ZI,,,,
ス,0X30B9,12473,KATAKANA LETTER SU,,,,
セ,0X30BB,12475,KATAKANA LETTER SE,,,,
タ,0X30BF,12479,KATAKANA LETTER TA,,,,
ッ,0X30C3,12483,KATAKANA LETTER SMALL TU,,,,
ツ,0X30C4,12484,KATAKANA LETTER TU,,,,
テ,0X30C6,12486,KATAKANA LETTER TE,,,,
デ,0X30C7,12487,KATAKANA LETTER DE,,,,
ト,0X30C8,12488,KATAKANA LETTER TO,,,,
ナ,0X30CA,12490,KATAKANA LETTER NA,,,,
ニ,0X30CB,12491,KATAKANA LETTER NI,,,,
ハ,0X30CF,12495,KATAKANA LETTER HA,,,,
バ,0X30D0,12496,KATAKANA LETTER BA,,,,
ビ,0X30D3,12499,KATAKANA LETTER BI,,,,
ピ,0X30D4,12500,KATAKANA LETTER PI,,,,
ホ,0X30DB,12507,KATAKANA LETTER HO,,,,
ポ,0X30DD,12509,KATAKANA LETTER PO,,,,
ミ,0X30DF,12511,KATAKANA LETTER MI,,,,
ム,0X30E0,12512,KATAKANA LETTER MU,,,,
ャ,0X30E3,12515,KATAKANA LETTER SMALL YA,,,,
ュ,0X30E5,12517,KATAKANA LETTER SMALL YU,,,,
ラ,0X30E9,12521,KATAKANA LETTER RA,,,,
リ,0X30EA,12522,KATAKANA LETTER RI,,,,
ル,0X30EB,12523,KATAKANA LETTER RU,,,,
ン,0X30F3,12531,KATAKANA LETTER N,,,,
ー,0X30FC,12540,KATAKANA-HIRAGANA PROLONGED SOUND MARK,,,,
ㄱ,0X3131,12593,HANGUL LETTER KIYEOK,,,,
ㄲ,0X3132,12594,HANGUL LETTER SSANGKIYEOK,,,,
ㄴ,0X3134,12596,HANGUL LETTER NIEUN,,,,
ㄷ,0X3137,12599,HANGUL LETTER TIKEUT,,,,
ㄹ,0X3139,12601,HANGUL LETTER RIEUL,,,,
ㅁ,0X3141,12609,HANGUL LETTER MIEUM,,,,
ㅂ,0X3142,12610,HANGUL LETTER PIEUP,,,,
ㅅ,0X3145,12613,HANGUL LETTER SIOS,,,,
ㅇ,0X3147,12615,HANGUL LETTER IEUNG,,,,
ㅈ,0X3148,12616,HANGUL LETTER CIEUC,,,,
ㅋ,0X314B,12619,HANGUL LETTER KHIEUKH,,,,
ㅍ,0X314D,12621,HANGUL LETTER PHIEUPH,,,,
ㅎ,0X314E,12622,HANGUL LETTER HIEUH,,,,
ㅏ,0X314F,12623,HANGUL LETTER A,,,,
ㅐ,0X3150,12624,HANGUL LETTER AE,,,,
ㅑ,0X3151,12625,HANGUL LETTER YA,,,,
ㅓ,0X3153,12627,HANGUL LETTER EO,,,,
ㅔ,0X3154,12628,HANGUL LETTER E,,,,
ㅕ,0X3155,12629,HANGUL LETTER YEO,,,,
ㅗ,0X3157,12631,HANGUL LETTER O,,,,
ㅜ,0X315C,12636,HANGUL LETTER U,,,,
ㅠ,0X3160,12640,HANGUL LETTER YU,,,,
ㅡ,0X3161,12641,HANGUL LETTER EU,,,,
ㅢ,0X3162,12642,HANGUL LETTER YI,,,,
ㅣ,0X3163,12643,HANGUL LETTER I,,,,
ㅽ,0X317D,12669,HANGUL LETTER SIOS-PIEUP,,,,
ㆍ,0X318D,12685,HANGUL LETTER ARAEA,,,,
㈜,0X321C,12828,PARENTHESIZED HANGUL CIEUC U,,,,
㎖,0X3396,13206,SQUARE ML,,,,
㎛,0X339B,13211,SQUARE MU M,,,,
㎜,0X339C,13212,SQUARE MM,,,,
㎝,0X339D,13213,SQUARE CM,,,,
㎠,0X33A0,13216,SQUARE CM SQUARED,,,,
㎡,0X33A1,13217,SQUARE M SQUARED,,,,
㎤,0X33A4,13220,SQUARE CM CUBED,,,,
㘙,0X3619,13849,CJK UNIFIED IDEOGRAPH-3619,,,,
㛅,0X36C5,14021,CJK UNIFIED IDEOGRAPH-36C5,,,,
㝩,0X3769,14185,CJK UNIFIED IDEOGRAPH-3769,,,,
㤨,0X3928,14632,CJK UNIFIED IDEOGRAPH-3928,,,,
㧕,0X39D5,14805,CJK UNIFIED IDEOGRAPH-39D5,,,,
㩲,0X3A72,14962,CJK UNIFIED IDEOGRAPH-3A72,,,,
䄅,0X4105,16645,CJK UNIFIED IDEOGRAPH-4105,,,,
䜤,0X4724,18212,CJK UNIFIED IDEOGRAPH-4724,,,,
一,0X4E00,19968,CJK UNIFIED IDEOGRAPH-4E00,,,,
丁,0X4E01,19969,CJK UNIFIED IDEOGRAPH-4E01,,,,
三,0X4E09,19977,CJK UNIFIED IDEOGRAPH-4E09,,,,
上,0X4E0A,19978,CJK UNIFIED IDEOGRAPH-4E0A,,,,
下,0X4E0B,19979,CJK UNIFIED IDEOGRAPH-4E0B,,,,
不,0X4E0D,19981,CJK UNIFIED IDEOGRAPH-4E0D,,,,
丕,0X4E15,19989,CJK UNIFIED IDEOGRAPH-4E15,,,,
世,0X4E16,19990,CJK UNIFIED IDEOGRAPH-4E16,,,,
丘,0X4E18,19992,CJK UNIFIED IDEOGRAPH-4E18,,,,
严,0X4E25,20005,CJK UNIFIED IDEOGRAPH-4E25,,,,
中,0X4E2D,20013,CJK UNIFIED IDEOGRAPH-4E2D,,,,
丸,0X4E38,20024,CJK UNIFIED IDEOGRAPH-4E38,,,,
丹,0X4E39,20025,CJK UNIFIED IDEOGRAPH-4E39,,,,
主,0X4E3B,20027,CJK UNIFIED IDEOGRAPH-4E3B,,,,
乃,0X4E43,20035,CJK UNIFIED IDEOGRAPH-4E43,,,,
九,0X4E5D,20061,CJK UNIFIED IDEOGRAPH-4E5D,,,,
乳,0X4E73,20083,CJK UNIFIED IDEOGRAPH-4E73,,,,
亂,0X4E82,20098,CJK UNIFIED IDEOGRAPH-4E82,,,,
事,0X4E8B,20107,CJK UNIFIED IDEOGRAPH-4E8B,,,,
二,0X4E8C,20108,CJK UNIFIED IDEOGRAPH-4E8C,,,,
于,0X4E8E,20110,CJK UNIFIED IDEOGRAPH-4E8E,,,,
五,0X4E94,20116,CJK UNIFIED IDEOGRAPH-4E94,,,,
井,0X4E95,20117,CJK UNIFIED IDEOGRAPH-4E95,,,,
亞,0X4E9E,20126,CJK UNIFIED IDEOGRAPH-4E9E,,,,
亡,0X4EA1,20129,CJK UNIFIED IDEOGRAPH-4EA1,,,,
交,0X4EA4,20132,CJK UNIFIED IDEOGRAPH-4EA4,,,,
京,0X4EAC,20140,CJK UNIFIED IDEOGRAPH-4EAC,,,,
人,0X4EBA,20154,CJK UNIFIED IDEOGRAPH-4EBA,,,,
仁,0X4EC1,20161,CJK UNIFIED IDEOGRAPH-4EC1,,,,
仇,0X4EC7,20167,CJK UNIFIED IDEOGRAPH-4EC7,,,,
付,0X4ED8,20184,CJK UNIFIED IDEOGRAPH-4ED8,,,,
代,0X4EE3,20195,CJK UNIFIED IDEOGRAPH-4EE3,,,,
任,0X4EFB,20219,CJK UNIFIED IDEOGRAPH-4EFB,,,,
份,0X4EFD,20221,CJK UNIFIED IDEOGRAPH-4EFD,,,,
伊,0X4F0A,20234,CJK UNIFIED IDEOGRAPH-4F0A,,,,
伍,0X4F0D,20237,CJK UNIFIED IDEOGRAPH-4F0D,,,,
会,0X4F1A,20250,CJK UNIFIED IDEOGRAPH-4F1A,,,,
伯,0X4F2F,20271,CJK UNIFIED IDEOGRAPH-4F2F,,,,
伸,0X4F38,20280,CJK UNIFIED IDEOGRAPH-4F38,,,,
佐,0X4F50,20304,CJK UNIFIED IDEOGRAPH-4F50,,,,
何,0X4F55,20309,CJK UNIFIED IDEOGRAPH-4F55,,,,
余,0X4F59,20313,CJK UNIFIED IDEOGRAPH-4F59,,,,
作,0X4F5C,20316,CJK UNIFIED IDEOGRAPH-4F5C,,,,
使,0X4F7F,20351,CJK UNIFIED IDEOGRAPH-4F7F,,,,
來,0X4F86,20358,CJK UNIFIED IDEOGRAPH-4F86,,,,
侊,0X4F8A,20362,CJK UNIFIED IDEOGRAPH-4F8A,,,,
侯,0X4FAF,20399,CJK UNIFIED IDEOGRAPH-4FAF,,,,
俆,0X4FC6,20422,CJK UNIFIED IDEOGRAPH-4FC6,,,,
俊,0X4FCA,20426,CJK UNIFIED IDEOGRAPH-4FCA,,,,
保,0X4FDD,20445,CJK UNIFIED IDEOGRAPH-4FDD,,,,
信,0X4FE1,20449,CJK UNIFIED IDEOGRAPH-4FE1,,,,
俵,0X4FF5,20469,CJK UNIFIED IDEOGRAPH-4FF5,,,,
倉,0X5009,20489,CJK UNIFIED IDEOGRAPH-5009,,,,
倍,0X500D,20493,CJK UNIFIED IDEOGRAPH-500D,,,,
候,0X5019,20505,CJK UNIFIED IDEOGRAPH-5019,,,,
倦,0X5026,20518,CJK UNIFIED IDEOGRAPH-5026,,,,
倪,0X502A,20522,CJK UNIFIED IDEOGRAPH-502A,,,,
偉,0X5049,20553,CJK UNIFIED IDEOGRAPH-5049,,,,
偶,0X5076,20598,CJK UNIFIED IDEOGRAPH-5076,,,,
傅,0X5085,20613,CJK UNIFIED IDEOGRAPH-5085,,,,
傑,0X5091,20625,CJK UNIFIED IDEOGRAPH-5091,,,,
傘,0X5098,20632,CJK UNIFIED IDEOGRAPH-5098,,,,
催,0X50AC,20652,CJK UNIFIED IDEOGRAPH-50AC,,,,
傷,0X50B7,20663,CJK UNIFIED IDEOGRAPH-50B7,,,,
像,0X50CF,20687,CJK UNIFIED IDEOGRAPH-50CF,,,,
價,0X50F9,20729,CJK UNIFIED IDEOGRAPH-50F9,,,,
儀,0X5100,20736,CJK UNIFIED IDEOGRAPH-5100,,,,
儼,0X513C,20796,CJK UNIFIED IDEOGRAPH-513C,,,,
允,0X5141,20801,CJK UNIFIED IDEOGRAPH-5141,,,,
元,0X5143,20803,CJK UNIFIED IDEOGRAPH-5143,,,,
光,0X5149,20809,CJK UNIFIED IDEOGRAPH-5149,,,,
兒,0X5152,20818,CJK UNIFIED IDEOGRAPH-5152,,,,
入,0X5165,20837,CJK UNIFIED IDEOGRAPH-5165,,,,
內,0X5167,20839,CJK UNIFIED IDEOGRAPH-5167,,,,
全,0X5168,20840,CJK UNIFIED IDEOGRAPH-5168,,,,
兪,0X516A,20842,CJK UNIFIED IDEOGRAPH-516A,,,,
公,0X516C,20844,CJK UNIFIED IDEOGRAPH-516C,,,,
共,0X5171,20849,CJK UNIFIED IDEOGRAPH-5171,,,,
具,0X5177,20855,CJK UNIFIED IDEOGRAPH-5177,,,,
凍,0X51CD,20941,CJK UNIFIED IDEOGRAPH-51CD,,,,
出,0X51FA,20986,CJK UNIFIED IDEOGRAPH-51FA,,,,
刁,0X5201,20993,CJK UNIFIED IDEOGRAPH-5201,,,,
分,0X5206,20998,CJK UNIFIED IDEOGRAPH-5206,,,,
切,0X5207,20999,CJK UNIFIED IDEOGRAPH-5207,,,,
初,0X521D,21021,CJK UNIFIED IDEOGRAPH-521D,,,,
判,0X5224,21028,CJK UNIFIED IDEOGRAPH-5224,,,,
利,0X5229,21033,CJK UNIFIED IDEOGRAPH-5229,,,,
到,0X5230,21040,CJK UNIFIED IDEOGRAPH-5230,,,,
券,0X5238,21048,CJK UNIFIED IDEOGRAPH-5238,,,,
刺,0X523A,21050,CJK UNIFIED IDEOGRAPH-523A,,,,
削,0X524A,21066,CJK UNIFIED IDEOGRAPH-524A,,,,
剛,0X525B,21083,CJK UNIFIED IDEOGRAPH-525B,,,,
剪,0X526A,21098,CJK UNIFIED IDEOGRAPH-526A,,,,
劉,0X5289,21129,CJK UNIFIED IDEOGRAPH-5289,,,,
劑,0X5291,21137,CJK UNIFIED IDEOGRAPH-5291,,,,
力,0X529B,21147,CJK UNIFIED IDEOGRAPH-529B,,,,
加,0X52A0,21152,CJK UNIFIED IDEOGRAPH-52A0,,,,
务,0X52A1,21153,CJK UNIFIED IDEOGRAPH-52A1,,,,
努,0X52AA,21162,CJK UNIFIED IDEOGRAPH-52AA,,,,
動,0X52D5,21205,CJK UNIFIED IDEOGRAPH-52D5,,,,
勞,0X52DE,21214,CJK UNIFIED IDEOGRAPH-52DE,,,,
勸,0X52F8,21240,CJK UNIFIED IDEOGRAPH-52F8,,,,
包,0X5305,21253,CJK UNIFIED IDEOGRAPH-5305,,,,
化,0X5316,21270,CJK UNIFIED IDEOGRAPH-5316,,,,
北,0X5317,21271,CJK UNIFIED IDEOGRAPH-5317,,,,
千,0X5343,21315,CJK UNIFIED IDEOGRAPH-5343,,,,
半,0X534A,21322,CJK UNIFIED IDEOGRAPH-534A,,,,
卑,0X5351,21329,CJK UNIFIED IDEOGRAPH-5351,,,,
卓,0X5353,21331,CJK UNIFIED IDEOGRAPH-5353,,,,
南,0X5357,21335,CJK UNIFIED IDEOGRAPH-5357,,,,
博,0X535A,21338,CJK UNIFIED IDEOGRAPH-535A,,,,
卜,0X535C,21340,CJK UNIFIED IDEOGRAPH-535C,,,,
卞,0X535E,21342,CJK UNIFIED IDEOGRAPH-535E,,,,
占,0X5360,21344,CJK UNIFIED IDEOGRAPH-5360,,,,
卢,0X5362,21346,CJK UNIFIED IDEOGRAPH-5362,,,,
卨,0X5368,21352,CJK UNIFIED IDEOGRAPH-5368,,,,
印,0X5370,21360,CJK UNIFIED IDEOGRAPH-5370,,,,
卲,0X5372,21362,CJK UNIFIED IDEOGRAPH-5372,,,,
卵,0X5375,21365,CJK UNIFIED IDEOGRAPH-5375,,,,
原,0X539F,21407,CJK UNIFIED IDEOGRAPH-539F,,,,
厥,0X53A5,21413,CJK UNIFIED IDEOGRAPH-53A5,,,,
反,0X53CD,21453,CJK UNIFIED IDEOGRAPH-53CD,,,,
叢,0X53E2,21474,CJK UNIFIED IDEOGRAPH-53E2,,,,
口,0X53E3,21475,CJK UNIFIED IDEOGRAPH-53E3,,,,
可,0X53EF,21487,CJK UNIFIED IDEOGRAPH-53EF,,,,
史,0X53F2,21490,CJK UNIFIED IDEOGRAPH-53F2,,,,
右,0X53F3,21491,CJK UNIFIED IDEOGRAPH-53F3,,,,
司,0X53F8,21496,CJK UNIFIED IDEOGRAPH-53F8,,,,
合,0X5408,21512,CJK UNIFIED IDEOGRAPH-5408,,,,
吉,0X5409,21513,CJK UNIFIED IDEOGRAPH-5409,,,,
同,0X540C,21516,CJK UNIFIED IDEOGRAPH-540C,,,,
后,0X540E,21518,CJK UNIFIED IDEOGRAPH-540E,,,,
向,0X5411,21521,CJK UNIFIED IDEOGRAPH-5411,,,,
君,0X541B,21531,CJK UNIFIED IDEOGRAPH-541B,,,,
吳,0X5433,21555,CJK UNIFIED IDEOGRAPH-5433,,,,
吹,0X5439,21561,CJK UNIFIED IDEOGRAPH-5439,,,,
吾,0X543E,21566,CJK UNIFIED IDEOGRAPH-543E,,,,
呂,0X5442,21570,CJK UNIFIED IDEOGRAPH-5442,,,,
周,0X5468,21608,CJK UNIFIED IDEOGRAPH-5468,,,,
味,0X5473,21619,CJK UNIFIED IDEOGRAPH-5473,,,,
咳,0X54B3,21683,CJK UNIFIED IDEOGRAPH-54B3,,,,
咸,0X54B8,21688,CJK UNIFIED IDEOGRAPH-54B8,,,,
哄,0X54C4,21700,CJK UNIFIED IDEOGRAPH-54C4,,,,
哮,0X54EE,21742,CJK UNIFIED IDEOGRAPH-54EE,,,,
唐,0X5510,21776,CJK UNIFIED IDEOGRAPH-5510,,,,
商,0X5546,21830,CJK UNIFIED IDEOGRAPH-5546,,,,
問,0X554F,21839,CJK UNIFIED IDEOGRAPH-554F,,,,
啼,0X557C,21884,CJK UNIFIED IDEOGRAPH-557C,,,,
善,0X5584,21892,CJK UNIFIED IDEOGRAPH-5584,,,,
喘,0X5598,21912,CJK UNIFIED IDEOGRAPH-5598,,,,
喬,0X55AC,21932,CJK UNIFIED IDEOGRAPH-55AC,,,,
單,0X55AE,21934,CJK UNIFIED IDEOGRAPH-55AE,,,,
噎,0X564E,22094,CJK UNIFIED IDEOGRAPH-564E,,,,
器,0X5668,22120,CJK UNIFIED IDEOGRAPH-5668,,,,
嚮,0X56AE,22190,CJK UNIFIED IDEOGRAPH-56AE,,,,
嚴,0X56B4,22196,CJK UNIFIED IDEOGRAPH-56B4,,,,
团,0X56E2,22242,CJK UNIFIED IDEOGRAPH-56E2,,,,
国,0X56FD,22269,CJK UNIFIED IDEOGRAPH-56FD,,,,
國,0X570B,22283,CJK UNIFIED IDEOGRAPH-570B,,,,
園,0X5712,22290,CJK UNIFIED IDEOGRAPH-5712,,,,
圓,0X5713,22291,CJK UNIFIED IDEOGRAPH-5713,,,,
土,0X571F,22303,CJK UNIFIED IDEOGRAPH-571F,,,,
地,0X5730,22320,CJK UNIFIED IDEOGRAPH-5730,,,,
场,0X573A,22330,CJK UNIFIED IDEOGRAPH-573A,,,,
坪,0X576A,22378,CJK UNIFIED IDEOGRAPH-576A,,,,
型,0X578B,22411,CJK UNIFIED IDEOGRAPH-578B,,,,
城,0X57CE,22478,CJK UNIFIED IDEOGRAPH-57CE,,,,
培,0X57F9,22521,CJK UNIFIED IDEOGRAPH-57F9,,,,
基,0X57FA,22522,CJK UNIFIED IDEOGRAPH-57FA,,,,
堅,0X5805,22533,CJK UNIFIED IDEOGRAPH-5805,,,,
場,0X5834,22580,CJK UNIFIED IDEOGRAPH-5834,,,,
塊,0X584A,22602,CJK UNIFIED IDEOGRAPH-584A,,,,
增,0X589E,22686,CJK UNIFIED IDEOGRAPH-589E,,,,
墨,0X58A8,22696,CJK UNIFIED IDEOGRAPH-58A8,,,,
墾,0X58BE,22718,CJK UNIFIED IDEOGRAPH-58BE,,,,
壯,0X58EF,22767,CJK UNIFIED IDEOGRAPH-58EF,,,,
夏,0X590F,22799,CJK UNIFIED IDEOGRAPH-590F,,,,
外,0X5916,22806,CJK UNIFIED IDEOGRAPH-5916,,,,
多,0X591A,22810,CJK UNIFIED IDEOGRAPH-591A,,,,
夜,0X591C,22812,CJK UNIFIED IDEOGRAPH-591C,,,,
大,0X5927,22823,CJK UNIFIED IDEOGRAPH-5927,,,,
天,0X5929,22825,CJK UNIFIED IDEOGRAPH-5929,,,,
太,0X592A,22826,CJK UNIFIED IDEOGRAPH-592A,,,,
夫,0X592B,22827,CJK UNIFIED IDEOGRAPH-592B,,,,
失,0X5931,22833,CJK UNIFIED IDEOGRAPH-5931,,,,
奇,0X5947,22855,CJK UNIFIED IDEOGRAPH-5947,,,,
奈,0X5948,22856,CJK UNIFIED IDEOGRAPH-5948,,,,
奉,0X5949,22857,CJK UNIFIED IDEOGRAPH-5949,,,,
奪,0X596A,22890,CJK UNIFIED IDEOGRAPH-596A,,,,
好,0X597D,22909,CJK UNIFIED IDEOGRAPH-597D,,,,
姚,0X59DA,23002,CJK UNIFIED IDEOGRAPH-59DA,,,,
姜,0X59DC,23004,CJK UNIFIED IDEOGRAPH-59DC,,,,
子,0X5B50,23376,CJK UNIFIED IDEOGRAPH-5B50,,,,
孔,0X5B54,23380,CJK UNIFIED IDEOGRAPH-5B54,,,,
孝,0X5B5D,23389,CJK UNIFIED IDEOGRAPH-5B5D,,,,
孟,0X5B5F,23391,CJK UNIFIED IDEOGRAPH-5B5F,,,,
季,0X5B63,23395,CJK UNIFIED IDEOGRAPH-5B63,,,,
孤,0X5B64,23396,CJK UNIFIED IDEOGRAPH-5B64,,,,
孫,0X5B6B,23403,CJK UNIFIED IDEOGRAPH-5B6B,,,,
宇,0X5B87,23431,CJK UNIFIED IDEOGRAPH-5B87,,,,
安,0X5B89,23433,CJK UNIFIED IDEOGRAPH-5B89,,,,
宋,0X5B8B,23435,CJK UNIFIED IDEOGRAPH-5B8B,,,,
宗,0X5B97,23447,CJK UNIFIED IDEOGRAPH-5B97,,,,
定,0X5B9A,23450,CJK UNIFIED IDEOGRAPH-5B9A,,,,
宜,0X5B9C,23452,CJK UNIFIED IDEOGRAPH-5B9C,,,,
客,0X5BA2,23458,CJK UNIFIED IDEOGRAPH-5BA2,,,,
宣,0X5BA3,23459,CJK UNIFIED IDEOGRAPH-5BA3,,,,
宫,0X5BAB,23467,CJK UNIFIED IDEOGRAPH-5BAB,,,,
宬,0X5BAC,23468,CJK UNIFIED IDEOGRAPH-5BAC,,,,
宮,0X5BAE,23470,CJK UNIFIED IDEOGRAPH-5BAE,,,,
家,0X5BB6,23478,CJK UNIFIED IDEOGRAPH-5BB6,,,,
容,0X5BB9,23481,CJK UNIFIED IDEOGRAPH-5BB9,,,,
寄,0X5BC4,23492,CJK UNIFIED IDEOGRAPH-5BC4,,,,
密,0X5BC6,23494,CJK UNIFIED IDEOGRAPH-5BC6,,,,
寉,0X5BC9,23497,CJK UNIFIED IDEOGRAPH-5BC9,,,,
富,0X5BCC,23500,CJK UNIFIED IDEOGRAPH-5BCC,,,,
寒,0X5BD2,23506,CJK UNIFIED IDEOGRAPH-5BD2,,,,
寓,0X5BD3,23507,CJK UNIFIED IDEOGRAPH-5BD3,,,,
實,0X5BE6,23526,CJK UNIFIED IDEOGRAPH-5BE6,,,,
寶,0X5BF6,23542,CJK UNIFIED IDEOGRAPH-5BF6,,,,
射,0X5C04,23556,CJK UNIFIED IDEOGRAPH-5C04,,,,
將,0X5C07,23559,CJK UNIFIED IDEOGRAPH-5C07,,,,
專,0X5C08,23560,CJK UNIFIED IDEOGRAPH-5C08,,,,
導,0X5C0E,23566,CJK UNIFIED IDEOGRAPH-5C0E,,,,
小,0X5C0F,23567,CJK UNIFIED IDEOGRAPH-5C0F,,,,
少,0X5C11,23569,CJK UNIFIED IDEOGRAPH-5C11,,,,
尙,0X5C19,23577,CJK UNIFIED IDEOGRAPH-5C19,,,,
尤,0X5C24,23588,CJK UNIFIED IDEOGRAPH-5C24,,,,
尹,0X5C39,23609,CJK UNIFIED IDEOGRAPH-5C39,,,,
局,0X5C40,23616,CJK UNIFIED IDEOGRAPH-5C40,,,,
屑,0X5C51,23633,CJK UNIFIED IDEOGRAPH-5C51,,,,
展,0X5C55,23637,CJK UNIFIED IDEOGRAPH-5C55,,,,
屠,0X5C60,23648,CJK UNIFIED IDEOGRAPH-5C60,,,,
層,0X5C64,23652,CJK UNIFIED IDEOGRAPH-5C64,,,,
屬,0X5C6C,23660,CJK UNIFIED IDEOGRAPH-5C6C,,,,
山,0X5C71,23665,CJK UNIFIED IDEOGRAPH-5C71,,,,
岐,0X5C90,23696,CJK UNIFIED IDEOGRAPH-5C90,,,,
岡,0X5CA1,23713,CJK UNIFIED IDEOGRAPH-5CA1,,,,
岩,0X5CA9,23721,CJK UNIFIED IDEOGRAPH-5CA9,,,,
崔,0X5D14,23828,CJK UNIFIED IDEOGRAPH-5D14,,,,
崩,0X5D29,23849,CJK UNIFIED IDEOGRAPH-5D29,,,,
巖,0X5DD6,24022,CJK UNIFIED IDEOGRAPH-5DD6,,,,
川,0X5DDD,24029,CJK UNIFIED IDEOGRAPH-5DDD,,,,
州,0X5DDE,24030,CJK UNIFIED IDEOGRAPH-5DDE,,,,
工,0X5DE5,24037,CJK UNIFIED IDEOGRAPH-5DE5,,,,
左,0X5DE6,24038,CJK UNIFIED IDEOGRAPH-5DE6,,,,
布,0X5E03,24067,CJK UNIFIED IDEOGRAPH-5E03,,,,
席,0X5E2D,24109,CJK UNIFIED IDEOGRAPH-5E2D,,,,
帶,0X5E36,24118,CJK UNIFIED IDEOGRAPH-5E36,,,,
常,0X5E38,24120,CJK UNIFIED IDEOGRAPH-5E38,,,,
幅,0X5E45,24133,CJK UNIFIED IDEOGRAPH-5E45,,,,
平,0X5E73,24179,CJK UNIFIED IDEOGRAPH-5E73,,,,
庄,0X5E84,24196,CJK UNIFIED IDEOGRAPH-5E84,,,,
度,0X5EA6,24230,CJK UNIFIED IDEOGRAPH-5EA6,,,,
庫,0X5EAB,24235,CJK UNIFIED IDEOGRAPH-5EAB,,,,
康,0X5EB7,24247,CJK UNIFIED IDEOGRAPH-5EB7,,,,
庾,0X5EBE,24254,CJK UNIFIED IDEOGRAPH-5EBE,,,,
廉,0X5EC9,24265,CJK UNIFIED IDEOGRAPH-5EC9,,,,
廓,0X5ED3,24275,CJK UNIFIED IDEOGRAPH-5ED3,,,,
廢,0X5EE2,24290,CJK UNIFIED IDEOGRAPH-5EE2,,,,
廮,0X5EEE,24302,CJK UNIFIED IDEOGRAPH-5EEE,,,,
延,0X5EF6,24310,CJK UNIFIED IDEOGRAPH-5EF6,,,,
建,0X5EFA,24314,CJK UNIFIED IDEOGRAPH-5EFA,,,,
式,0X5F0F,24335,CJK UNIFIED IDEOGRAPH-5F0F,,,,
弓,0X5F13,24339,CJK UNIFIED IDEOGRAPH-5F13,,,,
引,0X5F15,24341,CJK UNIFIED IDEOGRAPH-5F15,,,,
弘,0X5F18,24344,CJK UNIFIED IDEOGRAPH-5F18,,,,
张,0X5F20,24352,CJK UNIFIED IDEOGRAPH-5F20,,,,
張,0X5F35,24373,CJK UNIFIED IDEOGRAPH-5F35,,,,
强,0X5F3A,24378,CJK UNIFIED IDEOGRAPH-5F3A,,,,
弼,0X5F3C,24380,CJK UNIFIED IDEOGRAPH-5F3C,,,,
彈,0X5F48,24392,CJK UNIFIED IDEOGRAPH-5F48,,,,
形,0X5F62,24418,CJK UNIFIED IDEOGRAPH-5F62,,,,
彫,0X5F6B,24427,CJK UNIFIED IDEOGRAPH-5F6B,,,,
彬,0X5F6C,24428,CJK UNIFIED IDEOGRAPH-5F6C,,,,
彭,0X5F6D,24429,CJK UNIFIED IDEOGRAPH-5F6D,,,,
影,0X5F71,24433,CJK UNIFIED IDEOGRAPH-5F71,,,,
徐,0X5F90,24464,CJK UNIFIED IDEOGRAPH-5F90,,,,
德,0X5FB7,24503,CJK UNIFIED IDEOGRAPH-5FB7,,,,
心,0X5FC3,24515,CJK UNIFIED IDEOGRAPH-5FC3,,,,
志,0X5FD7,24535,CJK UNIFIED IDEOGRAPH-5FD7,,,,
忠,0X5FE0,24544,CJK UNIFIED IDEOGRAPH-5FE0,,,,
忤,0X5FE4,24548,CJK UNIFIED IDEOGRAPH-5FE4,,,,
快,0X5FEB,24555,CJK UNIFIED IDEOGRAPH-5FEB,,,,
怔,0X6014,24596,CJK UNIFIED IDEOGRAPH-6014,,,,
怡,0X6021,24609,CJK UNIFIED IDEOGRAPH-6021,,,,
性,0X6027,24615,CJK UNIFIED IDEOGRAPH-6027,,,,
恁,0X6041,24641,CJK UNIFIED IDEOGRAPH-6041,,,,
恨,0X6068,24680,CJK UNIFIED IDEOGRAPH-6068,,,,
恩,0X6069,24681,CJK UNIFIED IDEOGRAPH-6069,,,,
悶,0X60B6,24758,CJK UNIFIED IDEOGRAPH-60B6,,,,
悸,0X60B8,24760,CJK UNIFIED IDEOGRAPH-60B8,,,,
情,0X60C5,24773,CJK UNIFIED IDEOGRAPH-60C5,,,,
愛,0X611B,24859,CJK UNIFIED IDEOGRAPH-611B,,,,
愼,0X613C,24892,CJK UNIFIED IDEOGRAPH-613C,,,,
慇,0X6147,24903,CJK UNIFIED IDEOGRAPH-6147,,,,
慈,0X6148,24904,CJK UNIFIED IDEOGRAPH-6148,,,,
慕,0X6155,24917,CJK UNIFIED IDEOGRAPH-6155,,,,
慣,0X6163,24931,CJK UNIFIED IDEOGRAPH-6163,,,,
慶,0X6176,24950,CJK UNIFIED IDEOGRAPH-6176,,,,
懸,0X61F8,25080,CJK UNIFIED IDEOGRAPH-61F8,,,,
成,0X6210,25104,CJK UNIFIED IDEOGRAPH-6210,,,,
戰,0X6230,25136,CJK UNIFIED IDEOGRAPH-6230,,,,
戴,0X6234,25140,CJK UNIFIED IDEOGRAPH-6234,,,,
戶,0X6236,25142,CJK UNIFIED IDEOGRAPH-6236,,,,
房,0X623F,25151,CJK UNIFIED IDEOGRAPH-623F,,,,
所,0X6240,25152,CJK UNIFIED IDEOGRAPH-6240,,,,
扈,0X6248,25160,CJK UNIFIED IDEOGRAPH-6248,,,,
手,0X624B,25163,CJK UNIFIED IDEOGRAPH-624B,,,,
打,0X6253,25171,CJK UNIFIED IDEOGRAPH-6253,,,,
承,0X627F,25215,CJK UNIFIED IDEOGRAPH-627F,,,,
抗,0X6297,25239,CJK UNIFIED IDEOGRAPH-6297,,,,
折,0X6298,25240,CJK UNIFIED IDEOGRAPH-6298,,,,
拉,0X62C9,25289,CJK UNIFIED IDEOGRAPH-62C9,,,,
拔,0X62D4,25300,CJK UNIFIED IDEOGRAPH-62D4,,,,
捲,0X6372,25458,CJK UNIFIED IDEOGRAPH-6372,,,,
揚,0X63DA,25562,CJK UNIFIED IDEOGRAPH-63DA,,,,
損,0X640D,25613,CJK UNIFIED IDEOGRAPH-640D,,,,
擴,0X64F4,25844,CJK UNIFIED IDEOGRAPH-64F4,,,,
支,0X652F,25903,CJK UNIFIED IDEOGRAPH-652F,,,,
政,0X653F,25919,CJK UNIFIED IDEOGRAPH-653F,,,,
故,0X6545,25925,CJK UNIFIED IDEOGRAPH-6545,,,,
效,0X6548,25928,CJK UNIFIED IDEOGRAPH-6548,,,,
敏,0X654F,25935,CJK UNIFIED IDEOGRAPH-654F,,,,
散,0X6563,25955,CJK UNIFIED IDEOGRAPH-6563,,,,
文,0X6587,25991,CJK UNIFIED IDEOGRAPH-6587,,,,
斜,0X659C,26012,CJK UNIFIED IDEOGRAPH-659C,,,,
斤,0X65A4,26020,CJK UNIFIED IDEOGRAPH-65A4,,,,
新,0X65B0,26032,CJK UNIFIED IDEOGRAPH-65B0,,,,
斷,0X65B7,26039,CJK UNIFIED IDEOGRAPH-65B7,,,,
方,0X65B9,26041,CJK UNIFIED IDEOGRAPH-65B9,,,,
施,0X65BD,26045,CJK UNIFIED IDEOGRAPH-65BD,,,,
旁,0X65C1,26049,CJK UNIFIED IDEOGRAPH-65C1,,,,
旅,0X65C5,26053,CJK UNIFIED IDEOGRAPH-65C5,,,,
旋,0X65CB,26059,CJK UNIFIED IDEOGRAPH-65CB,,,,
族,0X65CF,26063,CJK UNIFIED IDEOGRAPH-65CF,,,,
无,0X65E0,26080,CJK UNIFIED IDEOGRAPH-65E0,,,,
日,0X65E5,26085,CJK UNIFIED IDEOGRAPH-65E5,,,,
旬,0X65EC,26092,CJK UNIFIED IDEOGRAPH-65EC,,,,
旻,0X65FB,26107,CJK UNIFIED IDEOGRAPH-65FB,,,,
昇,0X6607,26119,CJK UNIFIED IDEOGRAPH-6607,,,,
昌,0X660C,26124,CJK UNIFIED IDEOGRAPH-660C,,,,
明,0X660E,26126,CJK UNIFIED IDEOGRAPH-660E,,,,
易,0X6613,26131,CJK UNIFIED IDEOGRAPH-6613,,,,
昔,0X6614,26132,CJK UNIFIED IDEOGRAPH-6614,,,,
星,0X661F,26143,CJK UNIFIED IDEOGRAPH-661F,,,,
昭,0X662D,26157,CJK UNIFIED IDEOGRAPH-662D,,,,
時,0X6642,26178,CJK UNIFIED IDEOGRAPH-6642,,,,
晃,0X6643,26179,CJK UNIFIED IDEOGRAPH-6643,,,,
晋,0X664B,26187,CJK UNIFIED IDEOGRAPH-664B,,,,
晤,0X6664,26212,CJK UNIFIED IDEOGRAPH-6664,,,,
景,0X666F,26223,CJK UNIFIED IDEOGRAPH-666F,,,,
晶,0X6676,26230,CJK UNIFIED IDEOGRAPH-6676,,,,
智,0X667A,26234,CJK UNIFIED IDEOGRAPH-667A,,,,
暑,0X6691,26257,CJK UNIFIED IDEOGRAPH-6691,,,,
曲,0X66F2,26354,CJK UNIFIED IDEOGRAPH-66F2,,,,
曷,0X66F7,26359,CJK UNIFIED IDEOGRAPH-66F7,,,,
書,0X66F8,26360,CJK UNIFIED IDEOGRAPH-66F8,,,,
曺,0X66FA,26362,CJK UNIFIED IDEOGRAPH-66FA,,,,
曾,0X66FE,26366,CJK UNIFIED IDEOGRAPH-66FE,,,,
最,0X6700,26368,CJK UNIFIED IDEOGRAPH-6700,,,,
會,0X6703,26371,CJK UNIFIED IDEOGRAPH-6703,,,,
有,0X6709,26377,CJK UNIFIED IDEOGRAPH-6709,,,,
服,0X670D,26381,CJK UNIFIED IDEOGRAPH-670D,,,,
朝,0X671D,26397,CJK UNIFIED IDEOGRAPH-671D,,,,
期,0X671F,26399,CJK UNIFIED IDEOGRAPH-671F,,,,
木,0X6728,26408,CJK UNIFIED IDEOGRAPH-6728,,,,
本,0X672C,26412,CJK UNIFIED IDEOGRAPH-672C,,,,
朱,0X6731,26417,CJK UNIFIED IDEOGRAPH-6731,,,,
朴,0X6734,26420,CJK UNIFIED IDEOGRAPH-6734,,,,
机,0X673A,26426,CJK UNIFIED IDEOGRAPH-673A,,,,
杉,0X6749,26441,CJK UNIFIED IDEOGRAPH-6749,,,,
李,0X674E,26446,CJK UNIFIED IDEOGRAPH-674E,,,,
材,0X6750,26448,CJK UNIFIED IDEOGRAPH-6750,,,,
村,0X6751,26449,CJK UNIFIED IDEOGRAPH-6751,,,,
杜,0X675C,26460,CJK UNIFIED IDEOGRAPH-675C,,,,
杨,0X6768,26472,CJK UNIFIED IDEOGRAPH-6768,,,,
杭,0X676D,26477,CJK UNIFIED IDEOGRAPH-676D,,,,
東,0X6771,26481,CJK UNIFIED IDEOGRAPH-6771,,,,
杻,0X677B,26491,CJK UNIFIED IDEOGRAPH-677B,,,,
松,0X677E,26494,CJK UNIFIED IDEOGRAPH-677E,,,,
板,0X677F,26495,CJK UNIFIED IDEOGRAPH-677F,,,,
枊,0X678A,26506,CJK UNIFIED IDEOGRAPH-678A,,,,
林,0X6797,26519,CJK UNIFIED IDEOGRAPH-6797,,,,
果,0X679C,26524,CJK UNIFIED IDEOGRAPH-679C,,,,
枝,0X679D,26525,CJK UNIFIED IDEOGRAPH-679D,,,,
柏,0X67CF,26575,CJK UNIFIED IDEOGRAPH-67CF,,,,
染,0X67D3,26579,CJK UNIFIED IDEOGRAPH-67D3,,,,
柱,0X67F1,26609,CJK UNIFIED IDEOGRAPH-67F1,,,,
柳,0X67F3,26611,CJK UNIFIED IDEOGRAPH-67F3,,,,
柴,0X67F4,26612,CJK UNIFIED IDEOGRAPH-67F4,,,,
査,0X67FB,26619,CJK UNIFIED IDEOGRAPH-67FB,,,,
株,0X682A,26666,CJK UNIFIED IDEOGRAPH-682A,,,,
核,0X6838,26680,CJK UNIFIED IDEOGRAPH-6838,,,,
根,0X6839,26681,CJK UNIFIED IDEOGRAPH-6839,,,,
格,0X683C,26684,CJK UNIFIED IDEOGRAPH-683C,,,,
桂,0X6842,26690,CJK UNIFIED IDEOGRAPH-6842,,,,
桃,0X6843,26691,CJK UNIFIED IDEOGRAPH-6843,,,,
案,0X6848,26696,CJK UNIFIED IDEOGRAPH-6848,,,,
桯,0X686F,26735,CJK UNIFIED IDEOGRAPH-686F,,,,
梁,0X6881,26753,CJK UNIFIED IDEOGRAPH-6881,,,,
梅,0X6885,26757,CJK UNIFIED IDEOGRAPH-6885,,,,
棗,0X68D7,26839,CJK UNIFIED IDEOGRAPH-68D7,,,,
森,0X68EE,26862,CJK UNIFIED IDEOGRAPH-68EE,,,,
棺,0X68FA,26874,CJK UNIFIED IDEOGRAPH-68FA,,,,
植,0X690D,26893,CJK UNIFIED IDEOGRAPH-690D,,,,
椒,0X6912,26898,CJK UNIFIED IDEOGRAPH-6912,,,,
楊,0X694A,26954,CJK UNIFIED IDEOGRAPH-694A,,,,
楔,0X6954,26964,CJK UNIFIED IDEOGRAPH-6954,,,,
楚,0X695A,26970,CJK UNIFIED IDEOGRAPH-695A,,,,
楡,0X6961,26977,CJK UNIFIED IDEOGRAPH-6961,,,,
業,0X696D,26989,CJK UNIFIED IDEOGRAPH-696D,,,,
榮,0X69AE,27054,CJK UNIFIED IDEOGRAPH-69AE,,,,
榴,0X69B4,27060,CJK UNIFIED IDEOGRAPH-69B4,,,,
槨,0X69E8,27112,CJK UNIFIED IDEOGRAPH-69E8,,,,
樊,0X6A0A,27146,CJK UNIFIED IDEOGRAPH-6A0A,,,,
樑,0X6A11,27153,CJK UNIFIED IDEOGRAPH-6A11,,,,
樣,0X6A23,27171,CJK UNIFIED IDEOGRAPH-6A23,,,,
橋,0X6A4B,27211,CJK UNIFIED IDEOGRAPH-6A4B,,,,
機,0X6A5F,27231,CJK UNIFIED IDEOGRAPH-6A5F,,,,
橫,0X6A6B,27243,CJK UNIFIED IDEOGRAPH-6A6B,,,,
權,0X6B0A,27402,CJK UNIFIED IDEOGRAPH-6B0A,,,,
欒,0X6B12,27410,CJK UNIFIED IDEOGRAPH-6B12,,,,
次,0X6B21,27425,CJK UNIFIED IDEOGRAPH-6B21,,,,
正,0X6B63,27491,CJK UNIFIED IDEOGRAPH-6B63,,,,
武,0X6B66,27494,CJK UNIFIED IDEOGRAPH-6B66,,,,
歳,0X6B73,27507,CJK UNIFIED IDEOGRAPH-6B73,,,,
歸,0X6B78,27512,CJK UNIFIED IDEOGRAPH-6B78,,,,
死,0X6B7B,27515,CJK UNIFIED IDEOGRAPH-6B7B,,,,
段,0X6BB5,27573,CJK UNIFIED IDEOGRAPH-6BB5,,,,
殷,0X6BB7,27575,CJK UNIFIED IDEOGRAPH-6BB7,,,,
殺,0X6BBA,27578,CJK UNIFIED IDEOGRAPH-6BBA,,,,
殼,0X6BBC,27580,CJK UNIFIED IDEOGRAPH-6BBC,,,,
母,0X6BCD,27597,CJK UNIFIED IDEOGRAPH-6BCD,,,,
毒,0X6BD2,27602,CJK UNIFIED IDEOGRAPH-6BD2,,,,
毛,0X6BDB,27611,CJK UNIFIED IDEOGRAPH-6BDB,,,,
民,0X6C11,27665,CJK UNIFIED IDEOGRAPH-6C11,,,,
氣,0X6C23,27683,CJK UNIFIED IDEOGRAPH-6C23,,,,
水,0X6C34,27700,CJK UNIFIED IDEOGRAPH-6C34,,,,
氷,0X6C37,27703,CJK UNIFIED IDEOGRAPH-6C37,,,,
永,0X6C38,27704,CJK UNIFIED IDEOGRAPH-6C38,,,,
汗,0X6C57,27735,CJK UNIFIED IDEOGRAPH-6C57,,,,
江,0X6C5F,27743,CJK UNIFIED IDEOGRAPH-6C5F,,,,
池,0X6C60,27744,CJK UNIFIED IDEOGRAPH-6C60,,,,
汪,0X6C6A,27754,CJK UNIFIED IDEOGRAPH-6C6A,,,,
沁,0X6C81,27777,CJK UNIFIED IDEOGRAPH-6C81,,,,
沈,0X6C88,27784,CJK UNIFIED IDEOGRAPH-6C88,,,,
沖,0X6C96,27798,CJK UNIFIED IDEOGRAPH-6C96,,,,
沙,0X6C99,27801,CJK UNIFIED IDEOGRAPH-6C99,,,,
河,0X6CB3,27827,CJK UNIFIED IDEOGRAPH-6CB3,,,,
沸,0X6CB8,27832,CJK UNIFIED IDEOGRAPH-6CB8,,,,
油,0X6CB9,27833,CJK UNIFIED IDEOGRAPH-6CB9,,,,
泡,0X6CE1,27873,CJK UNIFIED IDEOGRAPH-6CE1,,,,
泥,0X6CE5,27877,CJK UNIFIED IDEOGRAPH-6CE5,,,,
注,0X6CE8,27880,CJK UNIFIED IDEOGRAPH-6CE8,,,,
泰,0X6CF0,27888,CJK UNIFIED IDEOGRAPH-6CF0,,,,
洋,0X6D0B,27915,CJK UNIFIED IDEOGRAPH-6D0B,,,,
洙,0X6D19,27929,CJK UNIFIED IDEOGRAPH-6D19,,,,
洞,0X6D1E,27934,CJK UNIFIED IDEOGRAPH-6D1E,,,,
洪,0X6D2A,27946,CJK UNIFIED IDEOGRAPH-6D2A,,,,
浪,0X6D6A,28010,CJK UNIFIED IDEOGRAPH-6D6A,,,,
浮,0X6D6E,28014,CJK UNIFIED IDEOGRAPH-6D6E,,,,
海,0X6D77,28023,CJK UNIFIED IDEOGRAPH-6D77,,,,
消,0X6D88,28040,CJK UNIFIED IDEOGRAPH-6D88,,,,
涎,0X6D8E,28046,CJK UNIFIED IDEOGRAPH-6D8E,,,,
液,0X6DB2,28082,CJK UNIFIED IDEOGRAPH-6DB2,,,,
深,0X6DF1,28145,CJK UNIFIED IDEOGRAPH-6DF1,,,,
淳,0X6DF3,28147,CJK UNIFIED IDEOGRAPH-6DF3,,,,
混,0X6DF7,28151,CJK UNIFIED IDEOGRAPH-6DF7,,,,
清,0X6E05,28165,CJK UNIFIED IDEOGRAPH-6E05,,,,
渠,0X6E20,28192,CJK UNIFIED IDEOGRAPH-6E20,,,,
港,0X6E2F,28207,CJK UNIFIED IDEOGRAPH-6E2F,,,,
渴,0X6E34,28212,CJK UNIFIED IDEOGRAPH-6E34,,,,
湖,0X6E56,28246,CJK UNIFIED IDEOGRAPH-6E56,,,,
湯,0X6E6F,28271,CJK UNIFIED IDEOGRAPH-6E6F,,,,
源,0X6E90,28304,CJK UNIFIED IDEOGRAPH-6E90,,,,
準,0X6E96,28310,CJK UNIFIED IDEOGRAPH-6E96,,,,
溫,0X6EAB,28331,CJK UNIFIED IDEOGRAPH-6EAB,,,,
溶,0X6EB6,28342,CJK UNIFIED IDEOGRAPH-6EB6,,,,
滕,0X6ED5,28373,CJK UNIFIED IDEOGRAPH-6ED5,,,,
滯,0X6EEF,28399,CJK UNIFIED IDEOGRAPH-6EEF,,,,
滿,0X6EFF,28415,CJK UNIFIED IDEOGRAPH-6EFF,,,,
漁,0X6F01,28417,CJK UNIFIED IDEOGRAPH-6F01,,,,
漂,0X6F02,28418,CJK UNIFIED IDEOGRAPH-6F02,,,,
漆,0X6F06,28422,CJK UNIFIED IDEOGRAPH-6F06,,,,
漏,0X6F0F,28431,CJK UNIFIED IDEOGRAPH-6F0F,,,,
漢,0X6F22,28450,CJK UNIFIED IDEOGRAPH-6F22,,,,
漬,0X6F2C,28460,CJK UNIFIED IDEOGRAPH-6F2C,,,,
漿,0X6F3F,28479,CJK UNIFIED IDEOGRAPH-6F3F,,,,
潘,0X6F58,28504,CJK UNIFIED IDEOGRAPH-6F58,,,,
潢,0X6F62,28514,CJK UNIFIED IDEOGRAPH-6F62,,,,
潤,0X6F64,28516,CJK UNIFIED IDEOGRAPH-6F64,,,,
濕,0X6FD5,28629,CJK UNIFIED IDEOGRAPH-6FD5,,,,
濟,0X6FDF,28639,CJK UNIFIED IDEOGRAPH-6FDF,,,,
濱,0X6FF1,28657,CJK UNIFIED IDEOGRAPH-6FF1,,,,
瀝,0X701D,28701,CJK UNIFIED IDEOGRAPH-701D,,,,
火,0X706B,28779,CJK UNIFIED IDEOGRAPH-706B,,,,
灰,0X7070,28784,CJK UNIFIED IDEOGRAPH-7070,,,,
炫,0X70AB,28843,CJK UNIFIED IDEOGRAPH-70AB,,,,
炭,0X70AD,28845,CJK UNIFIED IDEOGRAPH-70AD,,,,
烘,0X70D8,28888,CJK UNIFIED IDEOGRAPH-70D8,,,,
焙,0X7119,28953,CJK UNIFIED IDEOGRAPH-7119,,,,
無,0X7121,28961,CJK UNIFIED IDEOGRAPH-7121,,,,
然,0X7136,28982,CJK UNIFIED IDEOGRAPH-7136,,,,
煆,0X7146,28998,CJK UNIFIED IDEOGRAPH-7146,,,,
煌,0X714C,29004,CJK UNIFIED IDEOGRAPH-714C,,,,
煙,0X7159,29017,CJK UNIFIED IDEOGRAPH-7159,,,,
照,0X7167,29031,CJK UNIFIED IDEOGRAPH-7167,,,,
熱,0X71B1,29105,CJK UNIFIED IDEOGRAPH-71B1,,,,
燒,0X71D2,29138,CJK UNIFIED IDEOGRAPH-71D2,,,,
燕,0X71D5,29141,CJK UNIFIED IDEOGRAPH-71D5,,,,
燥,0X71E5,29157,CJK UNIFIED IDEOGRAPH-71E5,,,,
燻,0X71FB,29179,CJK UNIFIED IDEOGRAPH-71FB,,,,
爐,0X7210,29200,CJK UNIFIED IDEOGRAPH-7210,,,,
片,0X7247,29255,CJK UNIFIED IDEOGRAPH-7247,,,,
牛,0X725B,29275,CJK UNIFIED IDEOGRAPH-725B,,,,
牟,0X725F,29279,CJK UNIFIED IDEOGRAPH-725F,,,,
物,0X7269,29289,CJK UNIFIED IDEOGRAPH-7269,,,,
特,0X7279,29305,CJK UNIFIED IDEOGRAPH-7279,,,,
狀,0X72C0,29376,CJK UNIFIED IDEOGRAPH-72C0,,,,
獨,0X7368,29544,CJK UNIFIED IDEOGRAPH-7368,,,,
玄,0X7384,29572,CJK UNIFIED IDEOGRAPH-7384,,,,
玉,0X7389,29577,CJK UNIFIED IDEOGRAPH-7389,,,,
王,0X738B,29579,CJK UNIFIED IDEOGRAPH-738B,,,,
珉,0X73C9,29641,CJK UNIFIED IDEOGRAPH-73C9,,,,
珍,0X73CD,29645,CJK UNIFIED IDEOGRAPH-73CD,,,,
珠,0X73E0,29664,CJK UNIFIED IDEOGRAPH-73E0,,,,
班,0X73ED,29677,CJK UNIFIED IDEOGRAPH-73ED,,,,
現,0X73FE,29694,CJK UNIFIED IDEOGRAPH-73FE,,,,
球,0X7403,29699,CJK UNIFIED IDEOGRAPH-7403,,,,
琴,0X7434,29748,CJK UNIFIED IDEOGRAPH-7434,,,,
甄,0X7504,29956,CJK UNIFIED IDEOGRAPH-7504,,,,
甘,0X7518,29976,CJK UNIFIED IDEOGRAPH-7518,,,,
生,0X751F,29983,CJK UNIFIED IDEOGRAPH-751F,,,,
産,0X7523,29987,CJK UNIFIED IDEOGRAPH-7523,,,,
用,0X7528,29992,CJK UNIFIED IDEOGRAPH-7528,,,,
甫,0X752B,29995,CJK UNIFIED IDEOGRAPH-752B,,,,
田,0X7530,30000,CJK UNIFIED IDEOGRAPH-7530,,,,
由,0X7531,30001,CJK UNIFIED IDEOGRAPH-7531,,,,
甲,0X7532,30002,CJK UNIFIED IDEOGRAPH-7532,,,,
申,0X7533,30003,CJK UNIFIED IDEOGRAPH-7533,,,,
男,0X7537,30007,CJK UNIFIED IDEOGRAPH-7537,,,,
畢,0X7562,30050,CJK UNIFIED IDEOGRAPH-7562,,,,
異,0X7570,30064,CJK UNIFIED IDEOGRAPH-7570,,,,
當,0X7576,30070,CJK UNIFIED IDEOGRAPH-7576,,,,
疊,0X758A,30090,CJK UNIFIED IDEOGRAPH-758A,,,,
疔,0X7594,30100,CJK UNIFIED IDEOGRAPH-7594,,,,
疝,0X759D,30109,CJK UNIFIED IDEOGRAPH-759D,,,,
疳,0X75B3,30131,CJK UNIFIED IDEOGRAPH-75B3,,,,
疽,0X75BD,30141,CJK UNIFIED IDEOGRAPH-75BD,,,,
病,0X75C5,30149,CJK UNIFIED IDEOGRAPH-75C5,,,,
症,0X75C7,30151,CJK UNIFIED IDEOGRAPH-75C7,,,,
痓,0X75D3,30163,CJK UNIFIED IDEOGRAPH-75D3,,,,
痙,0X75D9,30169,CJK UNIFIED IDEOGRAPH-75D9,,,,
痛,0X75DB,30171,CJK UNIFIED IDEOGRAPH-75DB,,,,
痞,0X75DE,30174,CJK UNIFIED IDEOGRAPH-75DE,,,,
痲,0X75F2,30194,CJK UNIFIED IDEOGRAPH-75F2,,,,
痺,0X75FA,30202,CJK UNIFIED IDEOGRAPH-75FA,,,,
痿,0X75FF,30207,CJK UNIFIED IDEOGRAPH-75FF,,,,
瘡,0X7621,30241,CJK UNIFIED IDEOGRAPH-7621,,,,
瘵,0X7635,30261,CJK UNIFIED IDEOGRAPH-7635,,,,
瘻,0X763B,30267,CJK UNIFIED IDEOGRAPH-763B,,,,
癃,0X7643,30275,CJK UNIFIED IDEOGRAPH-7643,,,,
癰,0X7670,30320,CJK UNIFIED IDEOGRAPH-7670,,,,
發,0X767C,30332,CJK UNIFIED IDEOGRAPH-767C,,,,
白,0X767D,30333,CJK UNIFIED IDEOGRAPH-767D,,,,
百,0X767E,30334,CJK UNIFIED IDEOGRAPH-767E,,,,
皇,0X7687,30343,CJK UNIFIED IDEOGRAPH-7687,,,,
皮,0X76AE,30382,CJK UNIFIED IDEOGRAPH-76AE,,,,
盛,0X76DB,30427,CJK UNIFIED IDEOGRAPH-76DB,,,,
盤,0X76E4,30436,CJK UNIFIED IDEOGRAPH-76E4,,,,
盧,0X76E7,30439,CJK UNIFIED IDEOGRAPH-76E7,,,,
省,0X7701,30465,CJK UNIFIED IDEOGRAPH-7701,,,,
眞,0X771E,30494,CJK UNIFIED IDEOGRAPH-771E,,,,
眼,0X773C,30524,CJK UNIFIED IDEOGRAPH-773C,,,,
着,0X7740,30528,CJK UNIFIED IDEOGRAPH-7740,,,,
睦,0X7766,30566,CJK UNIFIED IDEOGRAPH-7766,,,,
短,0X77ED,30701,CJK UNIFIED IDEOGRAPH-77ED,,,,
石,0X77F3,30707,CJK UNIFIED IDEOGRAPH-77F3,,,,
砂,0X7802,30722,CJK UNIFIED IDEOGRAPH-7802,,,,
砥,0X7825,30757,CJK UNIFIED IDEOGRAPH-7825,,,,
破,0X7834,30772,CJK UNIFIED IDEOGRAPH-7834,,,,
硅,0X7845,30789,CJK UNIFIED IDEOGRAPH-7845,,,,
硬,0X786C,30828,CJK UNIFIED IDEOGRAPH-786C,,,,
碎,0X788E,30862,CJK UNIFIED IDEOGRAPH-788E,,,,
碑,0X7891,30865,CJK UNIFIED IDEOGRAPH-7891,,,,
磁,0X78C1,30913,CJK UNIFIED IDEOGRAPH-78C1,,,,
礬,0X792C,31020,CJK UNIFIED IDEOGRAPH-792C,,,,
社,0X793E,31038,CJK UNIFIED IDEOGRAPH-793E,,,,
禁,0X7981,31105,CJK UNIFIED IDEOGRAPH-7981,,,,
福,0X798F,31119,CJK UNIFIED IDEOGRAPH-798F,,,,
禮,0X79AE,31150,CJK UNIFIED IDEOGRAPH-79AE,,,,
禹,0X79B9,31161,CJK UNIFIED IDEOGRAPH-79B9,,,,
禽,0X79BD,31165,CJK UNIFIED IDEOGRAPH-79BD,,,,
秀,0X79C0,31168,CJK UNIFIED IDEOGRAPH-79C0,,,,
秋,0X79CB,31179,CJK UNIFIED IDEOGRAPH-79CB,,,,
秦,0X79E6,31206,CJK UNIFIED IDEOGRAPH-79E6,,,,
程,0X7A0B,31243,CJK UNIFIED IDEOGRAPH-7A0B,,,,
稚,0X7A1A,31258,CJK UNIFIED IDEOGRAPH-7A1A,,,,
種,0X7A2E,31278,CJK UNIFIED IDEOGRAPH-7A2E,,,,
穆,0X7A46,31302,CJK UNIFIED IDEOGRAPH-7A46,,,,
積,0X7A4D,31309,CJK UNIFIED IDEOGRAPH-7A4D,,,,
空,0X7A7A,31354,CJK UNIFIED IDEOGRAPH-7A7A,,,,
章,0X7AE0,31456,CJK UNIFIED IDEOGRAPH-7AE0,,,,
童,0X7AE5,31461,CJK UNIFIED IDEOGRAPH-7AE5,,,,
竹,0X7AF9,31481,CJK UNIFIED IDEOGRAPH-7AF9,,,,
筋,0X7B4B,31563,CJK UNIFIED IDEOGRAPH-7B4B,,,,
筍,0X7B4D,31565,CJK UNIFIED IDEOGRAPH-7B4D,,,,
箔,0X7B94,31636,CJK UNIFIED IDEOGRAPH-7B94,,,,
箕,0X7B95,31637,CJK UNIFIED IDEOGRAPH-7B95,,,,
算,0X7B97,31639,CJK UNIFIED IDEOGRAPH-7B97,,,,
管,0X7BA1,31649,CJK UNIFIED IDEOGRAPH-7BA1,,,,
節,0X7BC0,31680,CJK UNIFIED IDEOGRAPH-7BC0,,,,
範,0X7BC4,31684,CJK UNIFIED IDEOGRAPH-7BC4,,,,
簡,0X7C21,31777,CJK UNIFIED IDEOGRAPH-7C21,,,,
簧,0X7C27,31783,CJK UNIFIED IDEOGRAPH-7C27,,,,
簫,0X7C2B,31787,CJK UNIFIED IDEOGRAPH-7C2B,,,,
簾,0X7C3E,31806,CJK UNIFIED IDEOGRAPH-7C3E,,,,
米,0X7C73,31859,CJK UNIFIED IDEOGRAPH-7C73,,,,
粕,0X7C95,31893,CJK UNIFIED IDEOGRAPH-7C95,,,,
粗,0X7C97,31895,CJK UNIFIED IDEOGRAPH-7C97,,,,
粱,0X7CB1,31921,CJK UNIFIED IDEOGRAPH-7CB1,,,,
精,0X7CBE,31934,CJK UNIFIED IDEOGRAPH-7CBE,,,,
糖,0X7CD6,31958,CJK UNIFIED IDEOGRAPH-7CD6,,,,
紀,0X7D00,32000,CJK UNIFIED IDEOGRAPH-7D00,,,,
紅,0X7D05,32005,CJK UNIFIED IDEOGRAPH-7D05,,,,
紙,0X7D19,32025,CJK UNIFIED IDEOGRAPH-7D19,,,,
素,0X7D20,32032,CJK UNIFIED IDEOGRAPH-7D20,,,,
紡,0X7D21,32033,CJK UNIFIED IDEOGRAPH-7D21,,,,
細,0X7D30,32048,CJK UNIFIED IDEOGRAPH-7D30,,,,
結,0X7D50,32080,CJK UNIFIED IDEOGRAPH-7D50,,,,
絲,0X7D72,32114,CJK UNIFIED IDEOGRAPH-7D72,,,,
絹,0X7D79,32121,CJK UNIFIED IDEOGRAPH-7D79,,,,
經,0X7D93,32147,CJK UNIFIED IDEOGRAPH-7D93,,,,
綜,0X7D9C,32156,CJK UNIFIED IDEOGRAPH-7D9C,,,,
網,0X7DB2,32178,CJK UNIFIED IDEOGRAPH-7DB2,,,,
綿,0X7DBF,32191,CJK UNIFIED IDEOGRAPH-7DBF,,,,
緖,0X7DD6,32214,CJK UNIFIED IDEOGRAPH-7DD6,,,,
線,0X7DDA,32218,CJK UNIFIED IDEOGRAPH-7DDA,,,,
緯,0X7DEF,32239,CJK UNIFIED IDEOGRAPH-7DEF,,,,
縣,0X7E23,32291,CJK UNIFIED IDEOGRAPH-7E23,,,,
縮,0X7E2E,32302,CJK UNIFIED IDEOGRAPH-7E2E,,,,
縱,0X7E31,32305,CJK UNIFIED IDEOGRAPH-7E31,,,,
織,0X7E54,32340,CJK UNIFIED IDEOGRAPH-7E54,,,,
繡,0X7E61,32353,CJK UNIFIED IDEOGRAPH-7E61,,,,
纏,0X7E8F,32399,CJK UNIFIED IDEOGRAPH-7E8F,,,,
结,0X7ED3,32467,CJK UNIFIED IDEOGRAPH-7ED3,,,,
罗,0X7F57,32599,CJK UNIFIED IDEOGRAPH-7F57,,,,
羅,0X7F85,32645,CJK UNIFIED IDEOGRAPH-7F85,,,,
羊,0X7F8A,32650,CJK UNIFIED IDEOGRAPH-7F8A,,,,
美,0X7F8E,32654,CJK UNIFIED IDEOGRAPH-7F8E,,,,
習,0X7FD2,32722,CJK UNIFIED IDEOGRAPH-7FD2,,,,
耐,0X8010,32784,CJK UNIFIED IDEOGRAPH-8010,,,,
耕,0X8015,32789,CJK UNIFIED IDEOGRAPH-8015,,,,
耿,0X803F,32831,CJK UNIFIED IDEOGRAPH-803F,,,,
肉,0X8089,32905,CJK UNIFIED IDEOGRAPH-8089,,,,
肖,0X8096,32918,CJK UNIFIED IDEOGRAPH-8096,,,,
肝,0X809D,32925,CJK UNIFIED IDEOGRAPH-809D,,,,
股,0X80A1,32929,CJK UNIFIED IDEOGRAPH-80A1,,,,
肺,0X80BA,32954,CJK UNIFIED IDEOGRAPH-80BA,,,,
胃,0X80C3,32963,CJK UNIFIED IDEOGRAPH-80C3,,,,
背,0X80CC,32972,CJK UNIFIED IDEOGRAPH-80CC,,,,
胞,0X80DE,32990,CJK UNIFIED IDEOGRAPH-80DE,,,,
胡,0X80E1,32993,CJK UNIFIED IDEOGRAPH-80E1,,,,
胸,0X80F8,33016,CJK UNIFIED IDEOGRAPH-80F8,,,,
脂,0X8102,33026,CJK UNIFIED IDEOGRAPH-8102,,,,
脈,0X8108,33032,CJK UNIFIED IDEOGRAPH-8108,,,,
脫,0X812B,33067,CJK UNIFIED IDEOGRAPH-812B,,,,
脾,0X813E,33086,CJK UNIFIED IDEOGRAPH-813E,,,,
腎,0X814E,33102,CJK UNIFIED IDEOGRAPH-814E,,,,
腱,0X8171,33137,CJK UNIFIED IDEOGRAPH-8171,,,,
腸,0X8178,33144,CJK UNIFIED IDEOGRAPH-8178,,,,
膈,0X8188,33160,CJK UNIFIED IDEOGRAPH-8188,,,,
膽,0X81BD,33213,CJK UNIFIED IDEOGRAPH-81BD,,,,
臟,0X81DF,33247,CJK UNIFIED IDEOGRAPH-81DF,,,,
臧,0X81E7,33255,CJK UNIFIED IDEOGRAPH-81E7,,,,
自,0X81EA,33258,CJK UNIFIED IDEOGRAPH-81EA,,,,
興,0X8208,33288,CJK UNIFIED IDEOGRAPH-8208,,,,
舌,0X820C,33292,CJK UNIFIED IDEOGRAPH-820C,,,,
舍,0X820D,33293,CJK UNIFIED IDEOGRAPH-820D,,,,
舜,0X821C,33308,CJK UNIFIED IDEOGRAPH-821C,,,,
航,0X822A,33322,CJK UNIFIED IDEOGRAPH-822A,,,,
船,0X8239,33337,CJK UNIFIED IDEOGRAPH-8239,,,,
艀,0X8240,33344,CJK UNIFIED IDEOGRAPH-8240,,,,
色,0X8272,33394,CJK UNIFIED IDEOGRAPH-8272,,,,
艾,0X827E,33406,CJK UNIFIED IDEOGRAPH-827E,,,,
芍,0X828D,33421,CJK UNIFIED IDEOGRAPH-828D,,,,
芎,0X828E,33422,CJK UNIFIED IDEOGRAPH-828E,,,,
芥,0X82A5,33445,CJK UNIFIED IDEOGRAPH-82A5,,,,
芩,0X82A9,33449,CJK UNIFIED IDEOGRAPH-82A9,,,,
芪,0X82AA,33450,CJK UNIFIED IDEOGRAPH-82AA,,,,
芮,0X82AE,33454,CJK UNIFIED IDEOGRAPH-82AE,,,,
花,0X82B1,33457,CJK UNIFIED IDEOGRAPH-82B1,,,,
芳,0X82B3,33459,CJK UNIFIED IDEOGRAPH-82B3,,,,
芸,0X82B8,33464,CJK UNIFIED IDEOGRAPH-82B8,,,,
苑,0X82D1,33489,CJK UNIFIED IDEOGRAPH-82D1,,,,
苗,0X82D7,33495,CJK UNIFIED IDEOGRAPH-82D7,,,,
苛,0X82DB,33499,CJK UNIFIED IDEOGRAPH-82DB,,,,
范,0X8303,33539,CJK UNIFIED IDEOGRAPH-8303,,,,
茴,0X8334,33588,CJK UNIFIED IDEOGRAPH-8334,,,,
茶,0X8336,33590,CJK UNIFIED IDEOGRAPH-8336,,,,
荀,0X8340,33600,CJK UNIFIED IDEOGRAPH-8340,,,,
草,0X8349,33609,CJK UNIFIED IDEOGRAPH-8349,,,,
荊,0X834A,33610,CJK UNIFIED IDEOGRAPH-834A,,,,
荒,0X8352,33618,CJK UNIFIED IDEOGRAPH-8352,,,,
荷,0X8377,33655,CJK UNIFIED IDEOGRAPH-8377,,,,
莊,0X838A,33674,CJK UNIFIED IDEOGRAPH-838A,,,,
莖,0X8396,33686,CJK UNIFIED IDEOGRAPH-8396,,,,
莘,0X8398,33688,CJK UNIFIED IDEOGRAPH-8398,,,,
菊,0X83CA,33738,CJK UNIFIED IDEOGRAPH-83CA,,,,
菌,0X83CC,33740,CJK UNIFIED IDEOGRAPH-83CC,,,,
菜,0X83DC,33756,CJK UNIFIED IDEOGRAPH-83DC,,,,
華,0X83EF,33775,CJK UNIFIED IDEOGRAPH-83EF,,,,
萎,0X840E,33806,CJK UNIFIED IDEOGRAPH-840E,,,,
萬,0X842C,33836,CJK UNIFIED IDEOGRAPH-842C,,,,
葉,0X8449,33865,CJK UNIFIED IDEOGRAPH-8449,,,,
葛,0X845B,33883,CJK UNIFIED IDEOGRAPH-845B,,,,
董,0X8463,33891,CJK UNIFIED IDEOGRAPH-8463,,,,
葬,0X846C,33900,CJK UNIFIED IDEOGRAPH-846C,,,,
蒸,0X84B8,33976,CJK UNIFIED IDEOGRAPH-84B8,,,,
蓀,0X84C0,33984,CJK UNIFIED IDEOGRAPH-84C0,,,,
蔘,0X8518,34072,CJK UNIFIED IDEOGRAPH-8518,,,,
蔡,0X8521,34081,CJK UNIFIED IDEOGRAPH-8521,,,,
蔣,0X8523,34083,CJK UNIFIED IDEOGRAPH-8523,,,,
蔯,0X852F,34095,CJK UNIFIED IDEOGRAPH-852F,,,,
蕨,0X8568,34152,CJK UNIFIED IDEOGRAPH-8568,,,,
蕫,0X856B,34155,CJK UNIFIED IDEOGRAPH-856B,,,,
蕭,0X856D,34157,CJK UNIFIED IDEOGRAPH-856D,,,,
薑,0X8591,34193,CJK UNIFIED IDEOGRAPH-8591,,,,
薛,0X859B,34203,CJK UNIFIED IDEOGRAPH-859B,,,,
薰,0X85B0,34224,CJK UNIFIED IDEOGRAPH-85B0,,,,
藏,0X85CF,34255,CJK UNIFIED IDEOGRAPH-85CF,,,,
藝,0X85DD,34269,CJK UNIFIED IDEOGRAPH-85DD,,,,
藤,0X85E4,34276,CJK UNIFIED IDEOGRAPH-85E4,,,,
藥,0X85E5,34277,CJK UNIFIED IDEOGRAPH-85E5,,,,
藿,0X85FF,34303,CJK UNIFIED IDEOGRAPH-85FF,,,,
蘆,0X8606,34310,CJK UNIFIED IDEOGRAPH-8606,,,,
蘇,0X8607,34311,CJK UNIFIED IDEOGRAPH-8607,,,,
蘚,0X861A,34330,CJK UNIFIED IDEOGRAPH-861A,,,,
蘿,0X863F,34367,CJK UNIFIED IDEOGRAPH-863F,,,,
虎,0X864E,34382,CJK UNIFIED IDEOGRAPH-864E,,,,
處,0X8655,34389,CJK UNIFIED IDEOGRAPH-8655,,,,
虛,0X865B,34395,CJK UNIFIED IDEOGRAPH-865B,,,,
虜,0X865C,34396,CJK UNIFIED IDEOGRAPH-865C,,,,
蛭,0X86ED,34541,CJK UNIFIED IDEOGRAPH-86ED,,,,
蜜,0X871C,34588,CJK UNIFIED IDEOGRAPH-871C,,,,
融,0X878D,34701,CJK UNIFIED IDEOGRAPH-878D,,,,
蟲,0X87F2,34802,CJK UNIFIED IDEOGRAPH-87F2,,,,
蠱,0X8831,34865,CJK UNIFIED IDEOGRAPH-8831,,,,
蠶,0X8836,34870,CJK UNIFIED IDEOGRAPH-8836,,,,
血,0X8840,34880,CJK UNIFIED IDEOGRAPH-8840,,,,
行,0X884C,34892,CJK UNIFIED IDEOGRAPH-884C,,,,
衛,0X885B,34907,CJK UNIFIED IDEOGRAPH-885B,,,,
衣,0X8863,34915,CJK UNIFIED IDEOGRAPH-8863,,,,
表,0X8868,34920,CJK UNIFIED IDEOGRAPH-8868,,,,
袁,0X8881,34945,CJK UNIFIED IDEOGRAPH-8881,,,,
裕,0X88D5,35029,CJK UNIFIED IDEOGRAPH-88D5,,,,
裝,0X88DD,35037,CJK UNIFIED IDEOGRAPH-88DD,,,,
裵,0X88F5,35061,CJK UNIFIED IDEOGRAPH-88F5,,,,
製,0X88FD,35069,CJK UNIFIED IDEOGRAPH-88FD,,,,
褐,0X8910,35088,CJK UNIFIED IDEOGRAPH-8910,,,,
褓,0X8913,35091,CJK UNIFIED IDEOGRAPH-8913,,,,
西,0X897F,35199,CJK UNIFIED IDEOGRAPH-897F,,,,
覇,0X8987,35207,CJK UNIFIED IDEOGRAPH-8987,,,,
視,0X8996,35222,CJK UNIFIED IDEOGRAPH-8996,,,,
覩,0X89A9,35241,CJK UNIFIED IDEOGRAPH-89A9,,,,
觀,0X89C0,35264,CJK UNIFIED IDEOGRAPH-89C0,,,,
解,0X89E3,35299,CJK UNIFIED IDEOGRAPH-89E3,,,,
許,0X8A31,35377,CJK UNIFIED IDEOGRAPH-8A31,,,,
調,0X8ABF,35519,CJK UNIFIED IDEOGRAPH-8ABF,,,,
諸,0X8AF8,35576,CJK UNIFIED IDEOGRAPH-8AF8,,,,
謝,0X8B1D,35613,CJK UNIFIED IDEOGRAPH-8B1D,,,,
證,0X8B49,35657,CJK UNIFIED IDEOGRAPH-8B49,,,,
譚,0X8B5A,35674,CJK UNIFIED IDEOGRAPH-8B5A,,,,
變,0X8B8A,35722,CJK UNIFIED IDEOGRAPH-8B8A,,,,
许,0X8BB8,35768,CJK UNIFIED IDEOGRAPH-8BB8,,,,
谷,0X8C37,35895,CJK UNIFIED IDEOGRAPH-8C37,,,,
豆,0X8C46,35910,CJK UNIFIED IDEOGRAPH-8C46,,,,
豚,0X8C5A,35930,CJK UNIFIED IDEOGRAPH-8C5A,,,,
貝,0X8C9D,35997,CJK UNIFIED IDEOGRAPH-8C9D,,,,
貧,0X8CA7,36007,CJK UNIFIED IDEOGRAPH-8CA7,,,,
貿,0X8CBF,36031,CJK UNIFIED IDEOGRAPH-8CBF,,,,
賀,0X8CC0,36032,CJK UNIFIED IDEOGRAPH-8CC0,,,,
賈,0X8CC8,36040,CJK UNIFIED IDEOGRAPH-8CC8,,,,
賓,0X8CD3,36051,CJK UNIFIED IDEOGRAPH-8CD3,,,,
賔,0X8CD4,36052,CJK UNIFIED IDEOGRAPH-8CD4,,,,
賢,0X8CE2,36066,CJK UNIFIED IDEOGRAPH-8CE2,,,,
質,0X8CEA,36074,CJK UNIFIED IDEOGRAPH-8CEA,,,,
贓,0X8D13,36115,CJK UNIFIED IDEOGRAPH-8D13,,,,
责,0X8D23,36131,CJK UNIFIED IDEOGRAPH-8D23,,,,
资,0X8D44,36164,CJK UNIFIED IDEOGRAPH-8D44,,,,
赤,0X8D64,36196,CJK UNIFIED IDEOGRAPH-8D64,,,,
走,0X8D70,36208,CJK UNIFIED IDEOGRAPH-8D70,,,,
赵,0X8D75,36213,CJK UNIFIED IDEOGRAPH-8D75,,,,
起,0X8D77,36215,CJK UNIFIED IDEOGRAPH-8D77,,,,
趙,0X8D99,36249,CJK UNIFIED IDEOGRAPH-8D99,,,,
足,0X8DB3,36275,CJK UNIFIED IDEOGRAPH-8DB3,,,,
距,0X8DDD,36317,CJK UNIFIED IDEOGRAPH-8DDD,,,,
路,0X8DEF,36335,CJK UNIFIED IDEOGRAPH-8DEF,,,,
躁,0X8E81,36481,CJK UNIFIED IDEOGRAPH-8E81,,,,
車,0X8ECA,36554,CJK UNIFIED IDEOGRAPH-8ECA,,,,
軟,0X8EDF,36575,CJK UNIFIED IDEOGRAPH-8EDF,,,,
軸,0X8EF8,36600,CJK UNIFIED IDEOGRAPH-8EF8,,,,
輕,0X8F15,36629,CJK UNIFIED IDEOGRAPH-8F15,,,,
輩,0X8F29,36649,CJK UNIFIED IDEOGRAPH-8F29,,,,
轉,0X8F49,36681,CJK UNIFIED IDEOGRAPH-8F49,,,,
辛,0X8F9B,36763,CJK UNIFIED IDEOGRAPH-8F9B,,,,
辥,0X8FA5,36773,CJK UNIFIED IDEOGRAPH-8FA5,,,,
農,0X8FB2,36786,CJK UNIFIED IDEOGRAPH-8FB2,,,,
迪,0X8FEA,36842,CJK UNIFIED IDEOGRAPH-8FEA,,,,
送,0X9001,36865,CJK UNIFIED IDEOGRAPH-9001,,,,
逆,0X9006,36870,CJK UNIFIED IDEOGRAPH-9006,,,,
通,0X901A,36890,CJK UNIFIED IDEOGRAPH-901A,,,,
速,0X901F,36895,CJK UNIFIED IDEOGRAPH-901F,,,,
造,0X9020,36896,CJK UNIFIED IDEOGRAPH-9020,,,,
連,0X9023,36899,CJK UNIFIED IDEOGRAPH-9023,,,,
進,0X9032,36914,CJK UNIFIED IDEOGRAPH-9032,,,,
遇,0X9047,36935,CJK UNIFIED IDEOGRAPH-9047,,,,
道,0X9053,36947,CJK UNIFIED IDEOGRAPH-9053,,,,
遜,0X905C,36956,CJK UNIFIED IDEOGRAPH-905C,,,,
遠,0X9060,36960,CJK UNIFIED IDEOGRAPH-9060,,,,
遲,0X9072,36978,CJK UNIFIED IDEOGRAPH-9072,,,,
遺,0X907A,36986,CJK UNIFIED IDEOGRAPH-907A,,,,
邊,0X908A,37002,CJK UNIFIED IDEOGRAPH-908A,,,,
邏,0X908F,37007,CJK UNIFIED IDEOGRAPH-908F,,,,
邕,0X9095,37013,CJK UNIFIED IDEOGRAPH-9095,,,,
邢,0X90A2,37026,CJK UNIFIED IDEOGRAPH-90A2,,,,
那,0X90A3,37027,CJK UNIFIED IDEOGRAPH-90A3,,,,
邦,0X90A6,37030,CJK UNIFIED IDEOGRAPH-90A6,,,,
邱,0X90B1,37041,CJK UNIFIED IDEOGRAPH-90B1,,,,
邵,0X90B5,37045,CJK UNIFIED IDEOGRAPH-90B5,,,,
郝,0X90DD,37085,CJK UNIFIED IDEOGRAPH-90DD,,,,
部,0X90E8,37096,CJK UNIFIED IDEOGRAPH-90E8,,,,
郭,0X90ED,37101,CJK UNIFIED IDEOGRAPH-90ED,,,,
都,0X90FD,37117,CJK UNIFIED IDEOGRAPH-90FD,,,,
鄒,0X9112,37138,CJK UNIFIED IDEOGRAPH-9112,,,,
鄧,0X9127,37159,CJK UNIFIED IDEOGRAPH-9127,,,,
鄭,0X912D,37165,CJK UNIFIED IDEOGRAPH-912D,,,,
配,0X914D,37197,CJK UNIFIED IDEOGRAPH-914D,,,,
酒,0X9152,37202,CJK UNIFIED IDEOGRAPH-9152,,,,
酸,0X9178,37240,CJK UNIFIED IDEOGRAPH-9178,,,,
采,0X91C7,37319,CJK UNIFIED IDEOGRAPH-91C7,,,,
釋,0X91CB,37323,CJK UNIFIED IDEOGRAPH-91CB,,,,
重,0X91CD,37325,CJK UNIFIED IDEOGRAPH-91CD,,,,
量,0X91CF,37327,CJK UNIFIED IDEOGRAPH-91CF,,,,
金,0X91D1,37329,CJK UNIFIED IDEOGRAPH-91D1,,,,
針,0X91DD,37341,CJK UNIFIED IDEOGRAPH-91DD,,,,
釣,0X91E3,37347,CJK UNIFIED IDEOGRAPH-91E3,,,,
鈍,0X920D,37389,CJK UNIFIED IDEOGRAPH-920D,,,,
鉛,0X925B,37467,CJK UNIFIED IDEOGRAPH-925B,,,,
銀,0X9280,37504,CJK UNIFIED IDEOGRAPH-9280,,,,
銘,0X9298,37528,CJK UNIFIED IDEOGRAPH-9298,,,,
鋪,0X92EA,37610,CJK UNIFIED IDEOGRAPH-92EA,,,,
鋼,0X92FC,37628,CJK UNIFIED IDEOGRAPH-92FC,,,,
錢,0X9322,37666,CJK UNIFIED IDEOGRAPH-9322,,,,
鍛,0X935B,37723,CJK UNIFIED IDEOGRAPH-935B,,,,
鍾,0X937E,37758,CJK UNIFIED IDEOGRAPH-937E,,,,
鎬,0X93AC,37804,CJK UNIFIED IDEOGRAPH-93AC,,,,
鐵,0X9435,37941,CJK UNIFIED IDEOGRAPH-9435,,,,
鑄,0X9444,37956,CJK UNIFIED IDEOGRAPH-9444,,,,
鑛,0X945B,37979,CJK UNIFIED IDEOGRAPH-945B,,,,
钅,0X9485,38021,CJK UNIFIED IDEOGRAPH-9485,,,,
锡,0X9521,38177,CJK UNIFIED IDEOGRAPH-9521,,,,
長,0X9577,38263,CJK UNIFIED IDEOGRAPH-9577,,,,
門,0X9580,38272,CJK UNIFIED IDEOGRAPH-9580,,,,
閃,0X9583,38275,CJK UNIFIED IDEOGRAPH-9583,,,,
閉,0X9589,38281,CJK UNIFIED IDEOGRAPH-9589,,,,
間,0X9593,38291,CJK UNIFIED IDEOGRAPH-9593,,,,
閔,0X9594,38292,CJK UNIFIED IDEOGRAPH-9594,,,,
関,0X95A2,38306,CJK UNIFIED IDEOGRAPH-95A2,,,,
閻,0X95BB,38331,CJK UNIFIED IDEOGRAPH-95BB,,,,
關,0X95DC,38364,CJK UNIFIED IDEOGRAPH-95DC,,,,
阪,0X962A,38442,CJK UNIFIED IDEOGRAPH-962A,,,,
阮,0X962E,38446,CJK UNIFIED IDEOGRAPH-962E,,,,
防,0X9632,38450,CJK UNIFIED IDEOGRAPH-9632,,,,
阳,0X9633,38451,CJK UNIFIED IDEOGRAPH-9633,,,,
阿,0X963F,38463,CJK UNIFIED IDEOGRAPH-963F,,,,
附,0X9644,38468,CJK UNIFIED IDEOGRAPH-9644,,,,
际,0X9645,38469,CJK UNIFIED IDEOGRAPH-9645,,,,
陈,0X9648,38472,CJK UNIFIED IDEOGRAPH-9648,,,,
降,0X964D,38477,CJK UNIFIED IDEOGRAPH-964D,,,,
限,0X9650,38480,CJK UNIFIED IDEOGRAPH-9650,,,,
院,0X9662,38498,CJK UNIFIED IDEOGRAPH-9662,,,,
陣,0X9663,38499,CJK UNIFIED IDEOGRAPH-9663,,,,
除,0X9664,38500,CJK UNIFIED IDEOGRAPH-9664,,,,
陰,0X9670,38512,CJK UNIFIED IDEOGRAPH-9670,,,,
陳,0X9673,38515,CJK UNIFIED IDEOGRAPH-9673,,,,
陶,0X9676,38518,CJK UNIFIED IDEOGRAPH-9676,,,,
陸,0X9678,38520,CJK UNIFIED IDEOGRAPH-9678,,,,
陽,0X967D,38525,CJK UNIFIED IDEOGRAPH-967D,,,,
隅,0X9685,38533,CJK UNIFIED IDEOGRAPH-9685,,,,
隋,0X968B,38539,CJK UNIFIED IDEOGRAPH-968B,,,,
階,0X968E,38542,CJK UNIFIED IDEOGRAPH-968E,,,,
際,0X969B,38555,CJK UNIFIED IDEOGRAPH-969B,,,,
雅,0X96C5,38597,CJK UNIFIED IDEOGRAPH-96C5,,,,
集,0X96C6,38598,CJK UNIFIED IDEOGRAPH-96C6,,,,
雍,0X96CD,38605,CJK UNIFIED IDEOGRAPH-96CD,,,,
雪,0X96EA,38634,CJK UNIFIED IDEOGRAPH-96EA,,,,
雲,0X96F2,38642,CJK UNIFIED IDEOGRAPH-96F2,,,,
雷,0X96F7,38647,CJK UNIFIED IDEOGRAPH-96F7,,,,
電,0X96FB,38651,CJK UNIFIED IDEOGRAPH-96FB,,,,
震,0X9707,38663,CJK UNIFIED IDEOGRAPH-9707,,,,
霞,0X971E,38686,CJK UNIFIED IDEOGRAPH-971E,,,,
露,0X9732,38706,CJK UNIFIED IDEOGRAPH-9732,,,,
靑,0X9751,38737,CJK UNIFIED IDEOGRAPH-9751,,,,
非,0X975E,38750,CJK UNIFIED IDEOGRAPH-975E,,,,
面,0X9762,38754,CJK UNIFIED IDEOGRAPH-9762,,,,
靭,0X976D,38765,CJK UNIFIED IDEOGRAPH-976D,,,,
鞠,0X97A0,38816,CJK UNIFIED IDEOGRAPH-97A0,,,,
鞫,0X97AB,38827,CJK UNIFIED IDEOGRAPH-97AB,,,,
韋,0X97CB,38859,CJK UNIFIED IDEOGRAPH-97CB,,,,
韓,0X97D3,38867,CJK UNIFIED IDEOGRAPH-97D3,,,,
韩,0X97E9,38889,CJK UNIFIED IDEOGRAPH-97E9,,,,
頁,0X9801,38913,CJK UNIFIED IDEOGRAPH-9801,,,,
項,0X9805,38917,CJK UNIFIED IDEOGRAPH-9805,,,,
順,0X9806,38918,CJK UNIFIED IDEOGRAPH-9806,,,,
頓,0X9813,38931,CJK UNIFIED IDEOGRAPH-9813,,,,
頤,0X9824,38948,CJK UNIFIED IDEOGRAPH-9824,,,,
頭,0X982D,38957,CJK UNIFIED IDEOGRAPH-982D,,,,
頻,0X983B,38971,CJK UNIFIED IDEOGRAPH-983B,,,,
顔,0X9854,38996,CJK UNIFIED IDEOGRAPH-9854,,,,
類,0X985E,39006,CJK UNIFIED IDEOGRAPH-985E,,,,
顧,0X9867,39015,CJK UNIFIED IDEOGRAPH-9867,,,,
顫,0X986B,39019,CJK UNIFIED IDEOGRAPH-986B,,,,
風,0X98A8,39080,CJK UNIFIED IDEOGRAPH-98A8,,,,
飛,0X98DB,39131,CJK UNIFIED IDEOGRAPH-98DB,,,,
食,0X98DF,39135,CJK UNIFIED IDEOGRAPH-98DF,,,,
養,0X990A,39178,CJK UNIFIED IDEOGRAPH-990A,,,,
首,0X9996,39318,CJK UNIFIED IDEOGRAPH-9996,,,,
香,0X9999,39321,CJK UNIFIED IDEOGRAPH-9999,,,,
馬,0X99AC,39340,CJK UNIFIED IDEOGRAPH-99AC,,,,
馮,0X99AE,39342,CJK UNIFIED IDEOGRAPH-99AE,,,,
驚,0X9A5A,39514,CJK UNIFIED IDEOGRAPH-9A5A,,,,
骨,0X9AA8,39592,CJK UNIFIED IDEOGRAPH-9AA8,,,,
髓,0X9AD3,39635,CJK UNIFIED IDEOGRAPH-9AD3,,,,
體,0X9AD4,39636,CJK UNIFIED IDEOGRAPH-9AD4,,,,
高,0X9AD8,39640,CJK UNIFIED IDEOGRAPH-9AD8,,,,
鬱,0X9B31,39729,CJK UNIFIED IDEOGRAPH-9B31,,,,
魏,0X9B4F,39759,CJK UNIFIED IDEOGRAPH-9B4F,,,,
魚,0X9B5A,39770,CJK UNIFIED IDEOGRAPH-9B5A,,,,
魯,0X9B6F,39791,CJK UNIFIED IDEOGRAPH-9B6F,,,,
鮮,0X9BAE,39854,CJK UNIFIED IDEOGRAPH-9BAE,,,,
鳳,0X9CF3,40179,CJK UNIFIED IDEOGRAPH-9CF3,,,,
鴌,0X9D0C,40204,CJK UNIFIED IDEOGRAPH-9D0C,,,,
鶴,0X9DB4,40372,CJK UNIFIED IDEOGRAPH-9DB4,,,,
鷄,0X9DC4,40388,CJK UNIFIED IDEOGRAPH-9DC4,,,,
鹽,0X9E7D,40573,CJK UNIFIED IDEOGRAPH-9E7D,,,,
麗,0X9E97,40599,CJK UNIFIED IDEOGRAPH-9E97,,,,
麴,0X9EB4,40628,CJK UNIFIED IDEOGRAPH-9EB4,,,,
麻,0X9EBB,40635,CJK UNIFIED IDEOGRAPH-9EBB,,,,
黃,0X9EC3,40643,CJK UNIFIED IDEOGRAPH-9EC3,,,,
黎,0X9ECE,40654,CJK UNIFIED IDEOGRAPH-9ECE,,,,
齊,0X9F4A,40778,CJK UNIFIED IDEOGRAPH-9F4A,,,,
龍,0X9F8D,40845,CJK UNIFIED IDEOGRAPH-9F8D,,,,
龐,0X9F90,40848,CJK UNIFIED IDEOGRAPH-9F90,,,,
龜,0XF907,63751,CJK COMPATIBILITY IDEOGRAPH-F907,,,,
藍,0XF923,63779,CJK COMPATIBILITY IDEOGRAPH-F923,,,,
蠟,0XF927,63783,CJK COMPATIBILITY IDEOGRAPH-F927,,,,
冷,0XF92E,63790,CJK COMPATIBILITY IDEOGRAPH-F92E,,,,
勞,0XF92F,63791,CJK COMPATIBILITY IDEOGRAPH-F92F,,,,
爐,0XF932,63794,CJK COMPATIBILITY IDEOGRAPH-F932,,,,
老,0XF934,63796,CJK COMPATIBILITY IDEOGRAPH-F934,,,,
綠,0XF93D,63805,CJK COMPATIBILITY IDEOGRAPH-F93D,,,,
弄,0XF943,63811,CJK COMPATIBILITY IDEOGRAPH-F943,,,,
綾,0XF957,63831,CJK COMPATIBILITY IDEOGRAPH-F957,,,,
不,0XF967,63847,CJK COMPATIBILITY IDEOGRAPH-F967,,,,
凉,0XF979,63865,CJK COMPATIBILITY IDEOGRAPH-F979,,,,
量,0XF97E,63870,CJK COMPATIBILITY IDEOGRAPH-F97E,,,,
歷,0XF98C,63884,CJK COMPATIBILITY IDEOGRAPH-F98C,,,,
煉,0XF993,63891,CJK COMPATIBILITY IDEOGRAPH-F993,,,,
蓮,0XF999,63897,CJK COMPATIBILITY IDEOGRAPH-F999,,,,
連,0XF99A,63898,CJK COMPATIBILITY IDEOGRAPH-F99A,,,,
龍,0XF9C4,63940,CJK COMPATIBILITY IDEOGRAPH-F9C4,,,,
流,0XF9CA,63946,CJK COMPATIBILITY IDEOGRAPH-F9CA,,,,
淪,0XF9D6,63958,CJK COMPATIBILITY IDEOGRAPH-F9D6,,,,
輪,0XF9D7,63959,CJK COMPATIBILITY IDEOGRAPH-F9D7,,,,
律,0XF9D8,63960,CJK COMPATIBILITY IDEOGRAPH-F9D8,,,,
李,0XF9E1,63969,CJK COMPATIBILITY IDEOGRAPH-F9E1,,,,
梨,0XF9E2,63970,CJK COMPATIBILITY IDEOGRAPH-F9E2,,,,
泥,0XF9E3,63971,CJK COMPATIBILITY IDEOGRAPH-F9E3,,,,
燐,0XF9EE,63982,CJK COMPATIBILITY IDEOGRAPH-F9EE,,,,
鱗,0XF9F2,63986,CJK COMPATIBILITY IDEOGRAPH-F9F2,,,,
林,0XF9F4,63988,CJK COMPATIBILITY IDEOGRAPH-F9F4,,,,
淋,0XF9F5,63989,CJK COMPATIBILITY IDEOGRAPH-F9F5,,,,
茶,0XF9FE,63998,CJK COMPATIBILITY IDEOGRAPH-F9FE,,,,
＂,0XFF02,65282,FULLWIDTH QUOTATION MARK,,,,
＆,0XFF06,65286,FULLWIDTH AMPERSAND,&,0X0026,38.0,AMPERSAND
＇,0XFF07,65287,FULLWIDTH APOSTROPHE,,,,
（,0XFF08,65288,FULLWIDTH LEFT PARENTHESIS,(,0X0028,40.0,LEFT PARENTHESIS
）,0XFF09,65289,FULLWIDTH RIGHT PARENTHESIS,),0X0029,41.0,RIGHT PARENTHESIS
，,0XFF0C,65292,FULLWIDTH COMMA,,,,
－,0XFF0D,65293,FULLWIDTH HYPHEN-MINUS,-,0X002D,45.0,HYPHEN-MINUS
．,0XFF0E,65294,FULLWIDTH FULL STOP,.,0X002E,46.0,FULL STOP
／,0XFF0F,65295,FULLWIDTH SOLIDUS,,,,
０,0XFF10,65296,FULLWIDTH DIGIT ZERO,0,0X0030,48.0,DIGIT ZERO
１,0XFF11,65297,FULLWIDTH DIGIT ONE,1,0X0031,49.0,DIGIT ONE
２,0XFF12,65298,FULLWIDTH DIGIT TWO,2,0X0032,50.0,DIGIT TWO
３,0XFF13,65299,FULLWIDTH DIGIT THREE,3,0X0033,51.0,DIGIT THREE
４,0XFF14,65300,FULLWIDTH DIGIT FOUR,4,0X0034,52.0,DIGIT FOUR
５,0XFF15,65301,FULLWIDTH DIGIT FIVE,5,0X0035,53.0,DIGIT FIVE
６,0XFF16,65302,FULLWIDTH DIGIT SIX,6,0X0036,54.0,DIGIT SIX
７,0XFF17,65303,FULLWIDTH DIGIT SEVEN,7,0X0037,55.0,DIGIT SEVEN
８,0XFF18,65304,FULLWIDTH DIGIT EIGHT,8,0X0038,56.0,DIGIT EIGHT
９,0XFF19,65305,FULLWIDTH DIGIT NINE,9,0X0039,57.0,DIGIT NINE
？,0XFF1F,65311,FULLWIDTH QUESTION MARK,,,,
＠,0XFF20,65312,FULLWIDTH COMMERCIAL AT,,,,
Ａ,0XFF21,65313,FULLWIDTH LATIN CAPITAL LETTER A,,,,
Ｂ,0XFF22,65314,FULLWIDTH LATIN CAPITAL LETTER B,,,,
Ｃ,0XFF23,65315,FULLWIDTH LATIN CAPITAL LETTER C,,,,
Ｄ,0XFF24,65316,FULLWIDTH LATIN CAPITAL LETTER D,,,,
Ｅ,0XFF25,65317,FULLWIDTH LATIN CAPITAL LETTER E,,,,
Ｆ,0XFF26,65318,FULLWIDTH LATIN CAPITAL LETTER F,,,,
Ｇ,0XFF27,65319,FULLWIDTH LATIN CAPITAL LETTER G,,,,
Ｈ,0XFF28,65320,FULLWIDTH LATIN CAPITAL LETTER H,,,,
Ｉ,0XFF29,65321,FULLWIDTH LATIN CAPITAL LETTER I,,,,
Ｊ,0XFF2A,65322,FULLWIDTH LATIN CAPITAL LETTER J,,,,
Ｋ,0XFF2B,65323,FULLWIDTH LATIN CAPITAL LETTER K,,,,
Ｌ,0XFF2C,65324,FULLWIDTH LATIN CAPITAL LETTER L,,,,
Ｍ,0XFF2D,65325,FULLWIDTH LATIN CAPITAL LETTER M,,,,
Ｎ,0XFF2E,65326,FULLWIDTH LATIN CAPITAL LETTER N,,,,
Ｏ,0XFF2F,65327,FULLWIDTH LATIN CAPITAL LETTER O,,,,
Ｐ,0XFF30,65328,FULLWIDTH LATIN CAPITAL LETTER P,,,,
Ｑ,0XFF31,65329,FULLWIDTH LATIN CAPITAL LETTER Q,,,,
Ｒ,0XFF32,65330,FULLWIDTH LATIN CAPITAL LETTER R,,,,
Ｓ,0XFF33,65331,FULLWIDTH LATIN CAPITAL LETTER S,,,,
Ｔ,0XFF34,65332,FULLWIDTH LATIN CAPITAL LETTER T,,,,
Ｕ,0XFF35,65333,FULLWIDTH LATIN CAPITAL LETTER U,,,,
Ｖ,0XFF36,65334,FULLWIDTH LATIN CAPITAL LETTER V,,,,
Ｗ,0XFF37,65335,FULLWIDTH LATIN CAPITAL LETTER W,,,,
Ｘ,0XFF38,65336,FULLWIDTH LATIN CAPITAL LETTER X,,,,
Ｙ,0XFF39,65337,FULLWIDTH LATIN CAPITAL LETTER Y,,,,
ｄ,0XFF44,65348,FULLWIDTH LATIN SMALL LETTER D,,,,
～,0XFF5E,65374,FULLWIDTH TILDE,,,,
｢,0XFF62,65378,HALFWIDTH LEFT CORNER BRACKET,,,,
｣,0XFF63,65379,HALFWIDTH RIGHT CORNER BRACKET,,,,
ｮ,0XFF6E,65390,HALFWIDTH KATAKANA LETTER SMALL YO,,,,
ｯ,0XFF6F,65391,HALFWIDTH KATAKANA LETTER SMALL TU,,,,
ｲ,0XFF72,65394,HALFWIDTH KATAKANA LETTER I,,,,
ｶ,0XFF76,65398,HALFWIDTH KATAKANA LETTER KA,,,,
ｷ,0XFF77,65399,HALFWIDTH KATAKANA LETTER KI,,,,
ｸ,0XFF78,65400,HALFWIDTH KATAKANA LETTER KU,,,,
ｼ,0XFF7C,65404,HALFWIDTH KATAKANA LETTER SI,,,,
ｽ,0XFF7D,65405,HALFWIDTH KATAKANA LETTER SU,,,,
ﾃ,0XFF83,65411,HALFWIDTH KATAKANA LETTER TE,,,,
ﾄ,0XFF84,65412,HALFWIDTH KATAKANA LETTER TO,,,,
ﾈ,0XFF88,65416,HALFWIDTH KATAKANA LETTER NE,,,,
ﾊ,0XFF8A,65418,HALFWIDTH KATAKANA LETTER HA,,,,
ﾋ,0XFF8B,65419,HALFWIDTH KATAKANA LETTER HI,,,,
ﾌ,0XFF8C,65420,HALFWIDTH KATAKANA LETTER HU,,,,
ﾏ,0XFF8F,65423,HALFWIDTH KATAKANA LETTER MA,,,,
ﾑ,0XFF91,65425,HALFWIDTH KATAKANA LETTER MU,,,,
ﾒ,0XFF92,65426,HALFWIDTH KATAKANA LETTER ME,,,,
ﾘ,0XFF98,65432,HALFWIDTH KATAKANA LETTER RI,,,,
ﾛ,0XFF9B,65435,HALFWIDTH KATAKANA LETTER RO,,,,
ﾝ,0XFF9D,65437,HALFWIDTH KATAKANA LETTER N,,,,
ﾞ,0XFF9E,65438,HALFWIDTH KATAKANA VOICED SOUND MARK,,,,
ﾟ,0XFF9F,65439,HALFWIDTH KATAKANA SEMI-VOICED SOUND MARK,,,,
ﾰ,0XFFB0,65456,HALFWIDTH HANGUL LETTER RIEUL-HIEUH,,,,
ﾵ,0XFFB5,65461,HALFWIDTH HANGUL LETTER SIOS,,,,
﾿,0XFFBF,65471,UNKNOWN,,,,
ￇ,0XFFC7,65479,HALFWIDTH HANGUL LETTER E,,,,
￈,0XFFC8,65480,UNKNOWN,,,,
￑,0XFFD1,65489,UNKNOWN,,,,
￦,0XFFE6,65510,FULLWIDTH WON SIGN,,,,
￱,0XFFF1,65521,UNKNOWN,,,,
�,0XFFFD,65533,REPLACEMENT CHARACTER,,,,
