FilePath,FileName,ColumnName,MasterType,CodeFilePath_1,CodeFile_1,CodeType_1,CodeColumn_1,Matched_1,Matched(%)_1,CodeFilePath_2,CodeFile_2,CodeType_2,CodeColumn_2,Matched_2,Matched(%)_2,CodeFilePath_3,CodeFile_3,CodeType_3,CodeColumn_3,Matched_3,Matched(%)_3
C:/projects/myproject/QDQM/DS_Input/Internal/CONTRACT.csv,CONTRACT.csv,CONTRACT_DATE,Master,C:/projects/myproject/QDQM/DS_Input/Internal/CUSTOMER.csv,CUSTOMER.csv,Master,판매일,2528.0,66.06,C:/projects/myproject/QDQM/DS_Input/Internal/사원마스터.csv,사원마스터.csv,Master,근무시작일자,2458.0,64.23,C:/projects/myproject/QDQM/DS_Input/Internal/기업고객.csv,기업고객.csv,Master,판매일,2438.0,63.71
C:/projects/myproject/QDQM/DS_Input/Internal/CONTRACT.csv,CONTRACT.csv,CONTRACT_ORG_CD,Master,C:/projects/myproject/QDQM/DS_Input/Internal/CUSTOMER.csv,CUSTOMER.csv,Master,판매점소,82.0,92.13,C:/projects/myproject/QDQM/DS_Input/Internal/기업고객.csv,기업고객.csv,Master,판매점소,80.0,89.89,C:/projects/myproject/QDQM/DS_Input/Internal/택배_고객.csv,택배_고객.csv,Master,판매점소,76.0,85.39
C:/projects/myproject/QDQM/DS_Input/Internal/CONTRACT.csv,CONTRACT.csv,CORRECT_ORG,Master,C:/projects/myproject/QDQM/DS_Input/Internal/CONTRACT.csv,CONTRACT.csv,Master,REQUEST_ORG,105.0,95.45,C:/projects/myproject/QDQM/DS_Input/Internal/CUSTOMER.csv,CUSTOMER.csv,Master,수금점소,101.0,91.82,C:/projects/myproject/QDQM/DS_Input/Internal/기업고객.csv,기업고객.csv,Master,수금점소,101.0,91.82
C:/projects/myproject/QDQM/DS_Input/Internal/CONTRACT.csv,CONTRACT.csv,COST_ORG,Master,C:/projects/myproject/QDQM/DS_Input/Internal/사용자.csv,사용자.csv,Master,점소코드,94.0,97.92,C:/projects/myproject/QDQM/DS_Input/Internal/CUSTOMER.csv,CUSTOMER.csv,Master,수입조직,90.0,93.75,C:/projects/myproject/QDQM/DS_Input/Test/Z사용자.csv,Z사용자.csv,Test,점소코드,90.0,93.75
C:/projects/myproject/QDQM/DS_Input/Internal/CONTRACT.csv,CONTRACT.csv,DEVELOP_ORG,Master,C:/projects/myproject/QDQM/DS_Input/Internal/CONTRACT.csv,CONTRACT.csv,Master,ORG_CODE,431.0,99.54,C:/projects/myproject/QDQM/DS_Input/Internal/ORGNIZATION.csv,ORGNIZATION.csv,Master,조직코드,424.0,97.92,C:/projects/myproject/QDQM/DS_Input/Internal/택배_조직도.csv,택배_조직도.csv,Master,조직코드,424.0,97.92
C:/projects/myproject/QDQM/DS_Input/Internal/CONTRACT.csv,CONTRACT.csv,ENT_EMP,Master,C:/projects/myproject/QDQM/DS_Input/Internal/기업고객.csv,기업고객.csv,Master,최종변경자사번,206.0,75.46,,,,,,,,,,,,
C:/projects/myproject/QDQM/DS_Input/Internal/CONTRACT.csv,CONTRACT.csv,ORG_CODE,Master,C:/projects/myproject/QDQM/DS_Input/Internal/ORGNIZATION.csv,ORGNIZATION.csv,Master,조직코드,1100.0,98.13,C:/projects/myproject/QDQM/DS_Input/Internal/택배_조직도.csv,택배_조직도.csv,Master,조직코드,1100.0,98.13,C:/projects/myproject/QDQM/DS_Input/Internal/배송점.csv,배송점.csv,Master,배송점코드,975.0,86.98
C:/projects/myproject/QDQM/DS_Input/Internal/CONTRACT.csv,CONTRACT.csv,REQUEST_ORG,Master,C:/projects/myproject/QDQM/DS_Input/Internal/CONTRACT.csv,CONTRACT.csv,Master,CORRECT_ORG,105.0,95.45,C:/projects/myproject/QDQM/DS_Input/Internal/조직_수입관리.csv,조직_수입관리.csv,Master,OIO_ORG_COD,101.0,91.82,C:/projects/myproject/QDQM/DS_Input/Internal/지점코드.csv,지점코드.csv,Master,OIO_ORG_COD,101.0,91.82
C:/projects/myproject/QDQM/DS_Input/Internal/CONTRACT.csv,CONTRACT.csv,SALES_EMP,Master,C:/projects/myproject/QDQM/DS_Input/Internal/기업고객.csv,기업고객.csv,Master,판매원사번,748.0,75.25,,,,,,,,,,,,
C:/projects/myproject/QDQM/DS_Input/Internal/CUSTOMER.csv,CUSTOMER.csv,계약기간종료일,Master,C:/projects/myproject/QDQM/DS_Input/Internal/기업고객.csv,기업고객.csv,Master,계약기간종료일,3677.0,99.03,,,,,,,,,,,,
C:/projects/myproject/QDQM/DS_Input/Internal/CUSTOMER.csv,CUSTOMER.csv,고객명,Master,C:/projects/myproject/QDQM/DS_Input/Internal/기업고객.csv,기업고객.csv,Master,기업고객명,6836.0,95.96,,,,,,,,,,,,
C:/projects/myproject/QDQM/DS_Input/Internal/CUSTOMER.csv,CUSTOMER.csv,담당부서,Master,C:/projects/myproject/QDQM/DS_Input/Internal/기업고객.csv,기업고객.csv,Master,담당부서,794.0,99.87,,,,,,,,,,,,
C:/projects/myproject/QDQM/DS_Input/Internal/CUSTOMER.csv,CUSTOMER.csv,법인번호,Master,C:/projects/myproject/QDQM/DS_Input/Internal/기업고객.csv,기업고객.csv,Master,기업법인번호,151.0,99.34,,,,,,,,,,,,
C:/projects/myproject/QDQM/DS_Input/Internal/CUSTOMER.csv,CUSTOMER.csv,수금점소,Master,C:/projects/myproject/QDQM/DS_Input/Internal/기업고객.csv,기업고객.csv,Master,수금점소,114.0,99.13,C:/projects/myproject/QDQM/DS_Input/Internal/CUSTOMER.csv,CUSTOMER.csv,Master,청구점소,104.0,90.43,C:/projects/myproject/QDQM/DS_Input/Internal/기업고객.csv,기업고객.csv,Master,청구점소,104.0,90.43
C:/projects/myproject/QDQM/DS_Input/Internal/CUSTOMER.csv,CUSTOMER.csv,수입조직,Master,C:/projects/myproject/QDQM/DS_Input/Internal/기업고객.csv,기업고객.csv,Master,수입조직,96.0,98.97,C:/projects/myproject/QDQM/DS_Input/Internal/사용자.csv,사용자.csv,Master,점소코드,94.0,96.91,C:/projects/myproject/QDQM/DS_Input/Test/Z사용자.csv,Z사용자.csv,Test,점소코드,92.0,94.85
C:/projects/myproject/QDQM/DS_Input/Internal/CUSTOMER.csv,CUSTOMER.csv,우편번호,Master,C:/projects/myproject/QDQM/DS_Input/Internal/기업고객.csv,기업고객.csv,Master,기업우편번호,3014.0,93.75,C:/projects/myproject/QDQM/DS_Input/Internal/CUSTOMER.csv,CUSTOMER.csv,Master,청구지우편번호,2802.0,87.15,C:/projects/myproject/QDQM/DS_Input/Internal/기업고객.csv,기업고객.csv,Master,청구지우편번호,2676.0,83.23
C:/projects/myproject/QDQM/DS_Input/Internal/CUSTOMER.csv,CUSTOMER.csv,주민_사업자등록번호,Master,C:/projects/myproject/QDQM/DS_Input/Internal/기업고객.csv,기업고객.csv,Master,기업사업자등록번호,6722.0,96.03,,,,,,,,,,,,
C:/projects/myproject/QDQM/DS_Input/Internal/CUSTOMER.csv,CUSTOMER.csv,집하점소,Master,C:/projects/myproject/QDQM/DS_Input/Internal/ORGNIZATION.csv,ORGNIZATION.csv,Master,조직코드,1118.0,99.11,C:/projects/myproject/QDQM/DS_Input/Internal/택배_조직도.csv,택배_조직도.csv,Master,조직코드,1118.0,99.11,C:/projects/myproject/QDQM/DS_Input/Internal/기업고객.csv,기업고객.csv,Master,집하점소,1073.0,95.12
C:/projects/myproject/QDQM/DS_Input/Internal/CUSTOMER.csv,CUSTOMER.csv,집하지소번지,Master,C:/projects/myproject/QDQM/DS_Input/Internal/CUSTOMER.csv,CUSTOMER.csv,Master,집하지대번지,153.0,75.37,,,,,,,,,,,,
C:/projects/myproject/QDQM/DS_Input/Internal/CUSTOMER.csv,CUSTOMER.csv,집하지우편번호,Master,C:/projects/myproject/QDQM/DS_Input/Internal/기업고객.csv,기업고객.csv,Master,집하지우편번호,4085.0,91.33,,,,,,,,,,,,
C:/projects/myproject/QDQM/DS_Input/Internal/CUSTOMER.csv,CUSTOMER.csv,청구부서,Master,C:/projects/myproject/QDQM/DS_Input/Internal/기업고객.csv,기업고객.csv,Master,청구부서,351.0,99.43,C:/projects/myproject/QDQM/DS_Input/Internal/CUSTOMER.csv,CUSTOMER.csv,Master,담당부서,316.0,89.52,C:/projects/myproject/QDQM/DS_Input/Internal/기업고객.csv,기업고객.csv,Master,담당부서,315.0,89.24
C:/projects/myproject/QDQM/DS_Input/Internal/CUSTOMER.csv,CUSTOMER.csv,청구점소,Master,C:/projects/myproject/QDQM/DS_Input/Internal/기업고객.csv,기업고객.csv,Master,청구점소,109.0,100.0,C:/projects/myproject/QDQM/DS_Input/Internal/CUSTOMER.csv,CUSTOMER.csv,Master,수금점소,104.0,95.41,C:/projects/myproject/QDQM/DS_Input/Internal/기업고객.csv,기업고객.csv,Master,수금점소,104.0,95.41
C:/projects/myproject/QDQM/DS_Input/Internal/CUSTOMER.csv,CUSTOMER.csv,청구지우편번호,Master,C:/projects/myproject/QDQM/DS_Input/Internal/기업고객.csv,기업고객.csv,Master,청구지우편번호,3204.0,88.73,C:/projects/myproject/QDQM/DS_Input/Internal/CUSTOMER.csv,CUSTOMER.csv,Master,우편번호,2802.0,77.6,C:/projects/myproject/QDQM/DS_Input/Internal/기업고객.csv,기업고객.csv,Master,기업우편번호,2679.0,74.19
C:/projects/myproject/QDQM/DS_Input/Internal/CUSTOMER.csv,CUSTOMER.csv,최종변경자사번,Master,C:/projects/myproject/QDQM/DS_Input/Internal/기업고객.csv,기업고객.csv,Master,최종변경자사번,347.0,74.46,,,,,,,,,,,,
C:/projects/myproject/QDQM/DS_Input/Internal/CUSTOMER.csv,CUSTOMER.csv,최종수정일시,Master,C:/projects/myproject/QDQM/DS_Input/Internal/기업고객.csv,기업고객.csv,Master,최종수정일시,1845.0,92.57,C:/projects/myproject/QDQM/DS_Input/Internal/고객마스터.csv,고객마스터.csv,Master,등록일시,1764.0,88.51,C:/projects/myproject/QDQM/DS_Input/Internal/고객마스터.csv,고객마스터.csv,Master,최종사원업데이트일시,1531.0,76.82
C:/projects/myproject/QDQM/DS_Input/Internal/CUSTOMER.csv,CUSTOMER.csv,판매원사번,Master,C:/projects/myproject/QDQM/DS_Input/Internal/기업고객.csv,기업고객.csv,Master,판매원사번,686.0,68.46,,,,,,,,,,,,
C:/projects/myproject/QDQM/DS_Input/Internal/CUSTOMER.csv,CUSTOMER.csv,판매일,Master,C:/projects/myproject/QDQM/DS_Input/Internal/기업고객.csv,기업고객.csv,Master,판매일,3700.0,96.56,C:/projects/myproject/QDQM/DS_Input/Internal/CONTRACT.csv,CONTRACT.csv,Master,CONTRACT_DATE,2528.0,65.97,C:/projects/myproject/QDQM/DS_Input/Internal/사원마스터.csv,사원마스터.csv,Master,근무시작일자,2486.0,64.87
C:/projects/myproject/QDQM/DS_Input/Internal/CUSTOMER.csv,CUSTOMER.csv,판매점소,Master,C:/projects/myproject/QDQM/DS_Input/Internal/기업고객.csv,기업고객.csv,Master,판매점소,90.0,96.77,C:/projects/myproject/QDQM/DS_Input/Internal/CONTRACT.csv,CONTRACT.csv,Master,CONTRACT_ORG_CD,82.0,88.17,C:/projects/myproject/QDQM/DS_Input/Internal/택배_고객.csv,택배_고객.csv,Master,판매점소,77.0,82.8
C:/projects/myproject/QDQM/DS_Input/Internal/ORGNIZATION.csv,ORGNIZATION.csv,X좌표,Master,C:/projects/myproject/QDQM/DS_Input/Internal/택배_조직도.csv,택배_조직도.csv,Master,X좌표,758.0,100.0,,,,,,,,,,,,
C:/projects/myproject/QDQM/DS_Input/Internal/ORGNIZATION.csv,ORGNIZATION.csv,Y좌표,Master,C:/projects/myproject/QDQM/DS_Input/Internal/택배_조직도.csv,택배_조직도.csv,Master,Y좌표,754.0,100.0,,,,,,,,,,,,
C:/projects/myproject/QDQM/DS_Input/Internal/ORGNIZATION.csv,ORGNIZATION.csv,사업자등록번호,Master,C:/projects/myproject/QDQM/DS_Input/Internal/택배_조직도.csv,택배_조직도.csv,Master,사업자등록번호,1444.0,100.0,C:/projects/myproject/QDQM/DS_Input/Internal/배송점.csv,배송점.csv,Master,사업자등록번호,1364.0,94.46,C:/projects/myproject/QDQM/DS_Input/Internal/PRM계약.csv,PRM계약.csv,Master,사업자번호,884.0,61.22
C:/projects/myproject/QDQM/DS_Input/Internal/ORGNIZATION.csv,ORGNIZATION.csv,상위조직코드,Master,C:/projects/myproject/QDQM/DS_Input/Internal/택배_조직도.csv,택배_조직도.csv,Master,상위조직코드,626.0,100.0,C:/projects/myproject/QDQM/DS_Input/Internal/ORGNIZATION.csv,ORGNIZATION.csv,Master,조직코드,615.0,98.24,C:/projects/myproject/QDQM/DS_Input/Internal/택배_조직도.csv,택배_조직도.csv,Master,조직코드,615.0,98.24
C:/projects/myproject/QDQM/DS_Input/Internal/ORGNIZATION.csv,ORGNIZATION.csv,수입신규조직코드,Master,C:/projects/myproject/QDQM/DS_Input/Internal/택배_조직도.csv,택배_조직도.csv,Master,수입신규조직코드,84.0,100.0,C:/projects/myproject/QDQM/DS_Input/Internal/사용자.csv,사용자.csv,Master,점소코드,81.0,96.43,C:/projects/myproject/QDQM/DS_Input/Internal/조직_수입관리.csv,조직_수입관리.csv,Master,OIO_ORG_NCD,80.0,95.24
C:/projects/myproject/QDQM/DS_Input/Internal/ORGNIZATION.csv,ORGNIZATION.csv,수입조직코드,Master,C:/projects/myproject/QDQM/DS_Input/Internal/택배_조직도.csv,택배_조직도.csv,Master,수입조직코드,84.0,100.0,C:/projects/myproject/QDQM/DS_Input/Internal/조직_수입관리.csv,조직_수입관리.csv,Master,OIO_ORG_COD,81.0,96.43,C:/projects/myproject/QDQM/DS_Input/Internal/지점코드.csv,지점코드.csv,Master,OIO_ORG_COD,81.0,96.43
C:/projects/myproject/QDQM/DS_Input/Internal/ORGNIZATION.csv,ORGNIZATION.csv,우편번호,Master,C:/projects/myproject/QDQM/DS_Input/Internal/택배_조직도.csv,택배_조직도.csv,Master,우편번호,1547.0,100.0,C:/projects/myproject/QDQM/DS_Input/Internal/배송점.csv,배송점.csv,Master,우편번호,1341.0,86.68,,,,,,
C:/projects/myproject/QDQM/DS_Input/Internal/ORGNIZATION.csv,ORGNIZATION.csv,조직계약시작일자,Master,C:/projects/myproject/QDQM/DS_Input/Internal/택배_조직도.csv,택배_조직도.csv,Master,조직계약시작일자,567.0,100.0,C:/projects/myproject/QDQM/DS_Input/Internal/사원마스터.csv,사원마스터.csv,Master,근무시작일자,442.0,77.95,C:/projects/myproject/QDQM/DS_Input/Internal/사원기본.csv,사원기본.csv,Master,시근일자,410.0,72.31
C:/projects/myproject/QDQM/DS_Input/Internal/ORGNIZATION.csv,ORGNIZATION.csv,조직계약종료일자,Master,C:/projects/myproject/QDQM/DS_Input/Internal/택배_조직도.csv,택배_조직도.csv,Master,조직계약종료일자,110.0,100.0,C:/projects/myproject/QDQM/DS_Input/Internal/배송점.csv,배송점.csv,Master,조직계약종료일자,101.0,91.82,C:/projects/myproject/QDQM/DS_Input/Internal/CUSTOMER.csv,CUSTOMER.csv,Master,계약기간종료일,93.0,84.55
C:/projects/myproject/QDQM/DS_Input/Internal/ORGNIZATION.csv,ORGNIZATION.csv,조직구분코드,Master,C:/projects/myproject/QDQM/DS_Input/Internal/택배_조직도.csv,택배_조직도.csv,Master,조직구분코드,15.0,100.0,,,,,,,,,,,,
C:/projects/myproject/QDQM/DS_Input/Internal/ORGNIZATION.csv,ORGNIZATION.csv,조직명,Master,C:/projects/myproject/QDQM/DS_Input/Internal/택배_조직도.csv,택배_조직도.csv,Master,조직명,3643.0,100.0,C:/projects/myproject/QDQM/DS_Input/Internal/배송점.csv,배송점.csv,Master,배송점명,2463.0,67.61,,,,,,
C:/projects/myproject/QDQM/DS_Input/Internal/ORGNIZATION.csv,ORGNIZATION.csv,조직코드,Master,C:/projects/myproject/QDQM/DS_Input/Internal/택배_조직도.csv,택배_조직도.csv,Master,조직코드,3836.0,100.0,,,,,,,,,,,,
C:/projects/myproject/QDQM/DS_Input/Internal/ORGNIZATION.csv,ORGNIZATION.csv,조직폐쇄일자,Master,C:/projects/myproject/QDQM/DS_Input/Internal/택배_조직도.csv,택배_조직도.csv,Master,조직폐쇄일자,201.0,100.0,C:/projects/myproject/QDQM/DS_Input/Internal/배송점.csv,배송점.csv,Master,조직폐쇄일자,165.0,82.09,C:/projects/myproject/QDQM/DS_Input/Internal/사원마스터.csv,사원마스터.csv,Master,근무시작일자,137.0,68.16
C:/projects/myproject/QDQM/DS_Input/Internal/ORGNIZATION.csv,ORGNIZATION.csv,최수정일시,Master,C:/projects/myproject/QDQM/DS_Input/Internal/고객마스터.csv,고객마스터.csv,Master,등록일시,809.0,88.51,C:/projects/myproject/QDQM/DS_Input/Internal/고객마스터.csv,고객마스터.csv,Master,최종사원업데이트일시,684.0,74.84,,,,,,
C:/projects/myproject/QDQM/DS_Input/Internal/ORGNIZATION.csv,ORGNIZATION.csv,최종수정자,Master,C:/projects/myproject/QDQM/DS_Input/Internal/택배_조직도.csv,택배_조직도.csv,Master,최종업데이트사원번호,311.0,100.0,C:/projects/myproject/QDQM/DS_Input/Internal/배송점.csv,배송점.csv,Master,최종수정자,251.0,80.71,C:/projects/myproject/QDQM/DS_Input/Internal/사용자.csv,사용자.csv,Master,사원번호,235.0,75.56
C:/projects/myproject/QDQM/DS_Input/Internal/ORGNIZATION.csv,ORGNIZATION.csv,팩스번호,Master,C:/projects/myproject/QDQM/DS_Input/Internal/택배_조직도.csv,택배_조직도.csv,Master,팩스번호,680.0,100.0,C:/projects/myproject/QDQM/DS_Input/Internal/배송점.csv,배송점.csv,Master,팩스번호,518.0,76.18,,,,,,
C:/projects/myproject/QDQM/DS_Input/Internal/PII샘플데이터.csv,PII샘플데이터.csv,나이,Master,C:/projects/myproject/QDQM/DS_Input/Internal/CUSTOMER.csv,CUSTOMER.csv,Master,집하지대번지,17.0,100.0,C:/projects/myproject/QDQM/DS_Input/Test/Z검증용데이터.csv,Z검증용데이터.csv,Test,수량,15.0,88.24,C:/projects/myproject/QDQM/DS_Input/Internal/CUSTOMER.csv,CUSTOMER.csv,Master,집하지소번지,13.0,76.47
C:/projects/myproject/QDQM/DS_Input/Internal/PII샘플데이터.csv,PII샘플데이터.csv,지역,Master,C:/projects/myproject/QDQM/DS_Input/Internal/university_code_2.csv,university_code_2.csv,Master,시도,15.0,100.0,,,,,,,,,,,,
C:/projects/myproject/QDQM/DS_Input/Internal/PRM계약.csv,PRM계약.csv,계약개시일,Master,C:/projects/myproject/QDQM/DS_Input/Internal/PRM계약.csv,PRM계약.csv,Master,최초계약일,96.0,83.48,C:/projects/myproject/QDQM/DS_Input/Internal/사원기본.csv,사원기본.csv,Master,시근일자,93.0,80.87,C:/projects/myproject/QDQM/DS_Input/Internal/CUSTOMER.csv,CUSTOMER.csv,Master,판매일,90.0,78.26
C:/projects/myproject/QDQM/DS_Input/Internal/PRM계약.csv,PRM계약.csv,계약등록일,Master,C:/projects/myproject/QDQM/DS_Input/Internal/사원기본.csv,사원기본.csv,Master,시근일자,470.0,84.38,C:/projects/myproject/QDQM/DS_Input/Internal/사원마스터.csv,사원마스터.csv,Master,근무시작일자,468.0,84.02,C:/projects/myproject/QDQM/DS_Input/Internal/CUSTOMER.csv,CUSTOMER.csv,Master,판매일,415.0,74.51
C:/projects/myproject/QDQM/DS_Input/Internal/PRM계약.csv,PRM계약.csv,계약종료일,Master,C:/projects/myproject/QDQM/DS_Input/Internal/CUSTOMER.csv,CUSTOMER.csv,Master,계약기간종료일,68.0,72.34,C:/projects/myproject/QDQM/DS_Input/Internal/기업고객.csv,기업고객.csv,Master,계약기간종료일,68.0,72.34,C:/projects/myproject/QDQM/DS_Input/Internal/계약마스터.csv,계약마스터.csv,Master,계약종료일,58.0,61.7
C:/projects/myproject/QDQM/DS_Input/Internal/PRM계약.csv,PRM계약.csv,사업자번호,Master,C:/projects/myproject/QDQM/DS_Input/Internal/ORGNIZATION.csv,ORGNIZATION.csv,Master,사업자등록번호,884.0,65.72,C:/projects/myproject/QDQM/DS_Input/Internal/택배_조직도.csv,택배_조직도.csv,Master,사업자등록번호,884.0,65.72,C:/projects/myproject/QDQM/DS_Input/Internal/배송점.csv,배송점.csv,Master,사업자등록번호,846.0,62.9
C:/projects/myproject/QDQM/DS_Input/Internal/PRM계약.csv,PRM계약.csv,최초계약일,Master,C:/projects/myproject/QDQM/DS_Input/Internal/PRM계약.csv,PRM계약.csv,Master,계약등록일,270.0,94.41,C:/projects/myproject/QDQM/DS_Input/Internal/사원마스터.csv,사원마스터.csv,Master,근무시작일자,242.0,84.62,C:/projects/myproject/QDQM/DS_Input/Internal/CUSTOMER.csv,CUSTOMER.csv,Master,판매일,239.0,83.57
C:/projects/myproject/QDQM/DS_Input/Internal/test.csv,test.csv,ID,Master,C:/projects/myproject/QDQM/DS_Input/Internal/CUSTOMER.csv,CUSTOMER.csv,Master,집하지대번지,32.0,100.0,C:/projects/myproject/QDQM/DS_Input/Internal/CUSTOMER.csv,CUSTOMER.csv,Master,집하지소번지,32.0,100.0,C:/projects/myproject/QDQM/DS_Input/Test/Z검증용데이터.csv,Z검증용데이터.csv,Test,수량,32.0,100.0
C:/projects/myproject/QDQM/DS_Input/Internal/test.csv,test.csv,Name,Master,C:/projects/myproject/QDQM/DS_Input/Internal/test.csv,test.csv,Master,Name2,11.0,68.75,,,,,,,,,,,,
C:/projects/myproject/QDQM/DS_Input/Internal/test.csv,test.csv,Name2,Master,C:/projects/myproject/QDQM/DS_Input/Internal/test.csv,test.csv,Master,Name,11.0,78.57,,,,,,,,,,,,
C:/projects/myproject/QDQM/DS_Input/Internal/university_code_2.csv,university_code_2.csv,시도,Master,C:/projects/myproject/QDQM/DS_Input/Internal/PII샘플데이터.csv,PII샘플데이터.csv,Master,지역,15.0,88.24,C:/projects/myproject/QDQM/DS_Input/Internal/영업소.csv,영업소.csv,Master,영업소약명,11.0,64.71,,,,,,
C:/projects/myproject/QDQM/DS_Input/Internal/계약마스터.csv,계약마스터.csv,계약개시일,Master,C:/projects/myproject/QDQM/DS_Input/Internal/사원기본.csv,사원기본.csv,Master,사직일자,495.0,66.71,C:/projects/myproject/QDQM/DS_Input/Internal/사원기본.csv,사원기본.csv,Master,시근일자,474.0,63.88,C:/projects/myproject/QDQM/DS_Input/Internal/사원마스터.csv,사원마스터.csv,Master,근무시작일자,452.0,60.92
C:/projects/myproject/QDQM/DS_Input/Internal/계약마스터.csv,계약마스터.csv,소사업코드,Master,C:/projects/myproject/QDQM/DS_Input/Internal/관리회계_사업.csv,관리회계_사업.csv,Master,사업코드,60.0,100.0,C:/projects/myproject/QDQM/DS_Input/Internal/사업코드관리.csv,사업코드관리.csv,Master,business_level6_cd,60.0,100.0,C:/projects/myproject/QDQM/DS_Input/Internal/사업코드관리.csv,사업코드관리.csv,Master,사업코드,60.0,100.0
C:/projects/myproject/QDQM/DS_Input/Internal/계약마스터.csv,계약마스터.csv,팀명,Master,C:/projects/myproject/QDQM/DS_Input/Internal/사용자.csv,사용자.csv,Master,팀명,70.0,77.78,C:/projects/myproject/QDQM/DS_Input/Test/Z사용자.csv,Z사용자.csv,Test,팀명,58.0,64.44,,,,,,
C:/projects/myproject/QDQM/DS_Input/Internal/계약마스터.csv,계약마스터.csv,팀코드,Master,C:/projects/myproject/QDQM/DS_Input/Internal/사용자.csv,사용자.csv,Master,HR시스템소속코드,85.0,89.47,C:/projects/myproject/QDQM/DS_Input/Internal/관리회계_조직그룹상세.csv,관리회계_조직그룹상세.csv,Master,귀속부서조직코드,66.0,69.47,,,,,,
C:/projects/myproject/QDQM/DS_Input/Internal/계정과목코드.csv,계정과목코드.csv,계정과목명,Master,C:/projects/myproject/QDQM/DS_Input/Internal/관리회계계정.csv,관리회계계정.csv,Master,계정명,392.0,100.0,C:/projects/myproject/QDQM/DS_Input/Internal/계정코드관리.csv,계정코드관리.csv,Master,하위계정과목명,329.0,83.93,,,,,,
C:/projects/myproject/QDQM/DS_Input/Internal/계정과목코드.csv,계정과목코드.csv,계정과목코드,Master,C:/projects/myproject/QDQM/DS_Input/Internal/관리회계계정.csv,관리회계계정.csv,Master,관리회계계정코드,410.0,100.0,C:/projects/myproject/QDQM/DS_Input/Internal/계정코드관리.csv,계정코드관리.csv,Master,하위계정과목코드,330.0,80.49,,,,,,
C:/projects/myproject/QDQM/DS_Input/Internal/계정과목코드.csv,계정과목코드.csv,계정유형코드,Master,C:/projects/myproject/QDQM/DS_Input/Internal/관리회계계정.csv,관리회계계정.csv,Master,관리회계계정유형코드,16.0,100.0,,,,,,,,,,,,
C:/projects/myproject/QDQM/DS_Input/Internal/계정과목코드.csv,계정과목코드.csv,상위계정과목코드,Master,C:/projects/myproject/QDQM/DS_Input/Internal/관리회계계정.csv,관리회계계정.csv,Master,관리회계상위계정코드,63.0,100.0,C:/projects/myproject/QDQM/DS_Input/Internal/계정과목코드.csv,계정과목코드.csv,Master,계정과목코드,62.0,98.41,C:/projects/myproject/QDQM/DS_Input/Internal/관리회계계정.csv,관리회계계정.csv,Master,관리회계계정코드,62.0,98.41
C:/projects/myproject/QDQM/DS_Input/Internal/계정코드관리.csv,계정코드관리.csv,계정과목명,Master,C:/projects/myproject/QDQM/DS_Input/Internal/계정과목코드.csv,계정과목코드.csv,Master,계정과목명,55.0,100.0,C:/projects/myproject/QDQM/DS_Input/Internal/관리회계계정.csv,관리회계계정.csv,Master,계정명,55.0,100.0,,,,,,
C:/projects/myproject/QDQM/DS_Input/Internal/계정코드관리.csv,계정코드관리.csv,계정과목코드,Master,C:/projects/myproject/QDQM/DS_Input/Internal/계정과목코드.csv,계정과목코드.csv,Master,계정과목코드,55.0,100.0,C:/projects/myproject/QDQM/DS_Input/Internal/계정과목코드.csv,계정과목코드.csv,Master,상위계정과목코드,55.0,100.0,C:/projects/myproject/QDQM/DS_Input/Internal/관리회계계정.csv,관리회계계정.csv,Master,관리회계계정코드,55.0,100.0
C:/projects/myproject/QDQM/DS_Input/Internal/계정코드관리.csv,계정코드관리.csv,정렬순서,Master,C:/projects/myproject/QDQM/DS_Input/Internal/관리회계_사업.csv,관리회계_사업.csv,Master,정렬순서,328.0,99.39,C:/projects/myproject/QDQM/DS_Input/Internal/관리회계_조직그룹상세.csv,관리회계_조직그룹상세.csv,Master,정렬순서,328.0,99.39,C:/projects/myproject/QDQM/DS_Input/Internal/관리회계계정.csv,관리회계계정.csv,Master,정렬순서,328.0,99.39
C:/projects/myproject/QDQM/DS_Input/Internal/계정코드관리.csv,계정코드관리.csv,하위계정과목명,Master,C:/projects/myproject/QDQM/DS_Input/Internal/계정과목코드.csv,계정과목코드.csv,Master,계정과목명,329.0,99.7,C:/projects/myproject/QDQM/DS_Input/Internal/관리회계계정.csv,관리회계계정.csv,Master,계정명,329.0,99.7,,,,,,
C:/projects/myproject/QDQM/DS_Input/Internal/계정코드관리.csv,계정코드관리.csv,하위계정과목코드,Master,C:/projects/myproject/QDQM/DS_Input/Internal/계정과목코드.csv,계정과목코드.csv,Master,계정과목코드,330.0,100.0,C:/projects/myproject/QDQM/DS_Input/Internal/관리회계계정.csv,관리회계계정.csv,Master,관리회계계정코드,330.0,100.0,,,,,,
C:/projects/myproject/QDQM/DS_Input/Internal/고객마스터.csv,고객마스터.csv,등록일시,Master,C:/projects/myproject/QDQM/DS_Input/Internal/고객마스터.csv,고객마스터.csv,Master,최종사원업데이트일시,2431.0,76.02,,,,,,,,,,,,
C:/projects/myproject/QDQM/DS_Input/Internal/고객마스터.csv,고객마스터.csv,법인등록번호,Master,C:/projects/myproject/QDQM/DS_Input/Internal/CUSTOMER.csv,CUSTOMER.csv,Master,법인번호,68.0,61.82,C:/projects/myproject/QDQM/DS_Input/Internal/기업고객.csv,기업고객.csv,Master,기업법인번호,67.0,60.91,,,,,,
C:/projects/myproject/QDQM/DS_Input/Internal/고객마스터.csv,고객마스터.csv,최종사원업데이트일시,Master,C:/projects/myproject/QDQM/DS_Input/Internal/고객마스터.csv,고객마스터.csv,Master,등록일시,2431.0,89.18,,,,,,,,,,,,
C:/projects/myproject/QDQM/DS_Input/Internal/관리회계_계정그룹상세.csv,관리회계_계정그룹상세.csv,계정코드,Master,C:/projects/myproject/QDQM/DS_Input/Internal/계정과목코드.csv,계정과목코드.csv,Master,계정과목코드,93.0,100.0,C:/projects/myproject/QDQM/DS_Input/Internal/관리회계계정.csv,관리회계계정.csv,Master,관리회계계정코드,93.0,100.0,C:/projects/myproject/QDQM/DS_Input/Internal/계정코드관리.csv,계정코드관리.csv,Master,하위계정과목코드,91.0,97.85
C:/projects/myproject/QDQM/DS_Input/Internal/관리회계_계정그룹상세.csv,관리회계_계정그룹상세.csv,정렬순서,Master,C:/projects/myproject/QDQM/DS_Input/Internal/계정코드관리.csv,계정코드관리.csv,Master,정렬순서,90.0,97.83,C:/projects/myproject/QDQM/DS_Input/Internal/관리회계_사업.csv,관리회계_사업.csv,Master,정렬순서,90.0,97.83,C:/projects/myproject/QDQM/DS_Input/Internal/관리회계_조직그룹상세.csv,관리회계_조직그룹상세.csv,Master,정렬순서,90.0,97.83
C:/projects/myproject/QDQM/DS_Input/Internal/관리회계_고객.csv,관리회계_고객.csv,최종변경일시,Master,C:/projects/myproject/QDQM/DS_Input/Internal/관리회계_고객.csv,관리회계_고객.csv,Master,최초생성일시,254.0,99.22,,,,,,,,,,,,
C:/projects/myproject/QDQM/DS_Input/Internal/관리회계_고객.csv,관리회계_고객.csv,최초생성일시,Master,C:/projects/myproject/QDQM/DS_Input/Internal/관리회계_고객.csv,관리회계_고객.csv,Master,최종변경일시,254.0,98.83,,,,,,,,,,,,
C:/projects/myproject/QDQM/DS_Input/Internal/관리회계_사업.csv,관리회계_사업.csv,사업명,Master,C:/projects/myproject/QDQM/DS_Input/Internal/사업코드관리.csv,사업코드관리.csv,Master,business_level6_name,164.0,89.13,C:/projects/myproject/QDQM/DS_Input/Internal/사업코드관리.csv,사업코드관리.csv,Master,사업명,164.0,89.13,C:/projects/myproject/QDQM/DS_Input/Internal/사업코드관리.csv,사업코드관리.csv,Master,business_level5_name,140.0,76.09
C:/projects/myproject/QDQM/DS_Input/Internal/관리회계_사업.csv,관리회계_사업.csv,사업코드,Master,C:/projects/myproject/QDQM/DS_Input/Internal/사업코드관리.csv,사업코드관리.csv,Master,business_level6_cd,181.0,76.05,C:/projects/myproject/QDQM/DS_Input/Internal/사업코드관리.csv,사업코드관리.csv,Master,사업코드,181.0,76.05,C:/projects/myproject/QDQM/DS_Input/Internal/CUSTOMER.csv,CUSTOMER.csv,Master,집하지대번지,159.0,66.81
C:/projects/myproject/QDQM/DS_Input/Internal/관리회계_사업.csv,관리회계_사업.csv,상위사업코드,Master,C:/projects/myproject/QDQM/DS_Input/Internal/관리회계_사업.csv,관리회계_사업.csv,Master,사업코드,80.0,100.0,C:/projects/myproject/QDQM/DS_Input/Internal/사업코드관리.csv,사업코드관리.csv,Master,business_level5_cd,78.0,97.5,C:/projects/myproject/QDQM/DS_Input/Internal/사업코드관리.csv,사업코드관리.csv,Master,business_level6_cd,78.0,97.5
C:/projects/myproject/QDQM/DS_Input/Internal/관리회계_사업.csv,관리회계_사업.csv,정렬순서,Master,C:/projects/myproject/QDQM/DS_Input/Internal/관리회계계정.csv,관리회계계정.csv,Master,정렬순서,409.0,99.27,C:/projects/myproject/QDQM/DS_Input/Internal/관리회계_조직그룹상세.csv,관리회계_조직그룹상세.csv,Master,정렬순서,349.0,84.71,C:/projects/myproject/QDQM/DS_Input/Internal/사업코드관리.csv,사업코드관리.csv,Master,정렬순서,346.0,83.98
C:/projects/myproject/QDQM/DS_Input/Internal/관리회계_조직그룹.csv,관리회계_조직그룹.csv,최종변경일시,Master,C:/projects/myproject/QDQM/DS_Input/Internal/관리회계_조직그룹.csv,관리회계_조직그룹.csv,Master,최초생성일시,10.0,100.0,,,,,,,,,,,,
C:/projects/myproject/QDQM/DS_Input/Internal/관리회계_조직그룹.csv,관리회계_조직그룹.csv,최초생성일시,Master,C:/projects/myproject/QDQM/DS_Input/Internal/관리회계_조직그룹.csv,관리회계_조직그룹.csv,Master,최종변경일시,10.0,100.0,,,,,,,,,,,,
C:/projects/myproject/QDQM/DS_Input/Internal/관리회계_조직그룹상세.csv,관리회계_조직그룹상세.csv,귀속부서조직코드,Master,C:/projects/myproject/QDQM/DS_Input/Internal/사용자.csv,사용자.csv,Master,HR시스템소속코드,183.0,64.89,,,,,,,,,,,,
C:/projects/myproject/QDQM/DS_Input/Internal/관리회계_조직그룹상세.csv,관리회계_조직그룹상세.csv,정렬순서,Master,C:/projects/myproject/QDQM/DS_Input/Internal/관리회계_사업.csv,관리회계_사업.csv,Master,정렬순서,349.0,100.0,C:/projects/myproject/QDQM/DS_Input/Internal/관리회계계정.csv,관리회계계정.csv,Master,정렬순서,349.0,100.0,C:/projects/myproject/QDQM/DS_Input/Internal/사업코드관리.csv,사업코드관리.csv,Master,정렬순서,346.0,99.14
C:/projects/myproject/QDQM/DS_Input/Internal/관리회계계정.csv,관리회계계정.csv,계정명,Master,C:/projects/myproject/QDQM/DS_Input/Internal/계정과목코드.csv,계정과목코드.csv,Master,계정과목명,392.0,100.0,C:/projects/myproject/QDQM/DS_Input/Internal/계정코드관리.csv,계정코드관리.csv,Master,하위계정과목명,329.0,83.93,,,,,,
C:/projects/myproject/QDQM/DS_Input/Internal/관리회계계정.csv,관리회계계정.csv,관리회계계정유형코드,Master,C:/projects/myproject/QDQM/DS_Input/Internal/계정과목코드.csv,계정과목코드.csv,Master,계정유형코드,16.0,100.0,,,,,,,,,,,,
C:/projects/myproject/QDQM/DS_Input/Internal/관리회계계정.csv,관리회계계정.csv,관리회계계정코드,Master,C:/projects/myproject/QDQM/DS_Input/Internal/계정과목코드.csv,계정과목코드.csv,Master,계정과목코드,410.0,100.0,C:/projects/myproject/QDQM/DS_Input/Internal/계정코드관리.csv,계정코드관리.csv,Master,하위계정과목코드,330.0,80.49,,,,,,
C:/projects/myproject/QDQM/DS_Input/Internal/관리회계계정.csv,관리회계계정.csv,관리회계상위계정코드,Master,C:/projects/myproject/QDQM/DS_Input/Internal/계정과목코드.csv,계정과목코드.csv,Master,상위계정과목코드,63.0,100.0,C:/projects/myproject/QDQM/DS_Input/Internal/계정과목코드.csv,계정과목코드.csv,Master,계정과목코드,62.0,98.41,C:/projects/myproject/QDQM/DS_Input/Internal/관리회계계정.csv,관리회계계정.csv,Master,관리회계계정코드,62.0,98.41
C:/projects/myproject/QDQM/DS_Input/Internal/관리회계계정.csv,관리회계계정.csv,정렬순서,Master,C:/projects/myproject/QDQM/DS_Input/Internal/관리회계_사업.csv,관리회계_사업.csv,Master,정렬순서,409.0,99.76,C:/projects/myproject/QDQM/DS_Input/Internal/관리회계_조직그룹상세.csv,관리회계_조직그룹상세.csv,Master,정렬순서,349.0,85.12,C:/projects/myproject/QDQM/DS_Input/Internal/사업코드관리.csv,사업코드관리.csv,Master,정렬순서,346.0,84.39
C:/projects/myproject/QDQM/DS_Input/Internal/기업고객.csv,기업고객.csv,계약기간종료일,Master,C:/projects/myproject/QDQM/DS_Input/Internal/CUSTOMER.csv,CUSTOMER.csv,Master,계약기간종료일,3677.0,100.0,,,,,,,,,,,,
C:/projects/myproject/QDQM/DS_Input/Internal/기업고객.csv,기업고객.csv,기업고객명,Master,C:/projects/myproject/QDQM/DS_Input/Internal/CUSTOMER.csv,CUSTOMER.csv,Master,고객명,6836.0,100.0,,,,,,,,,,,,
C:/projects/myproject/QDQM/DS_Input/Internal/기업고객.csv,기업고객.csv,기업법인번호,Master,C:/projects/myproject/QDQM/DS_Input/Internal/CUSTOMER.csv,CUSTOMER.csv,Master,법인번호,151.0,99.34,,,,,,,,,,,,
C:/projects/myproject/QDQM/DS_Input/Internal/기업고객.csv,기업고객.csv,기업사업자등록번호,Master,C:/projects/myproject/QDQM/DS_Input/Internal/CUSTOMER.csv,CUSTOMER.csv,Master,주민_사업자등록번호,6722.0,100.0,,,,,,,,,,,,
C:/projects/myproject/QDQM/DS_Input/Internal/기업고객.csv,기업고객.csv,기업우편번호,Master,C:/projects/myproject/QDQM/DS_Input/Internal/CUSTOMER.csv,CUSTOMER.csv,Master,우편번호,3014.0,93.75,C:/projects/myproject/QDQM/DS_Input/Internal/기업고객.csv,기업고객.csv,Master,청구지우편번호,2795.0,86.94,C:/projects/myproject/QDQM/DS_Input/Internal/CUSTOMER.csv,CUSTOMER.csv,Master,청구지우편번호,2679.0,83.33
C:/projects/myproject/QDQM/DS_Input/Internal/기업고객.csv,기업고객.csv,담당부서,Master,C:/projects/myproject/QDQM/DS_Input/Internal/CUSTOMER.csv,CUSTOMER.csv,Master,담당부서,794.0,100.0,,,,,,,,,,,,
C:/projects/myproject/QDQM/DS_Input/Internal/기업고객.csv,기업고객.csv,수금점소,Master,C:/projects/myproject/QDQM/DS_Input/Internal/CUSTOMER.csv,CUSTOMER.csv,Master,수금점소,114.0,100.0,C:/projects/myproject/QDQM/DS_Input/Internal/CUSTOMER.csv,CUSTOMER.csv,Master,청구점소,104.0,91.23,C:/projects/myproject/QDQM/DS_Input/Internal/기업고객.csv,기업고객.csv,Master,청구점소,104.0,91.23
C:/projects/myproject/QDQM/DS_Input/Internal/기업고객.csv,기업고객.csv,수입조직,Master,C:/projects/myproject/QDQM/DS_Input/Internal/CUSTOMER.csv,CUSTOMER.csv,Master,수입조직,96.0,100.0,C:/projects/myproject/QDQM/DS_Input/Internal/사용자.csv,사용자.csv,Master,점소코드,93.0,96.88,C:/projects/myproject/QDQM/DS_Input/Test/Z사용자.csv,Z사용자.csv,Test,점소코드,91.0,94.79
C:/projects/myproject/QDQM/DS_Input/Internal/기업고객.csv,기업고객.csv,집하점소,Master,C:/projects/myproject/QDQM/DS_Input/Internal/ORGNIZATION.csv,ORGNIZATION.csv,Master,조직코드,1095.0,97.94,C:/projects/myproject/QDQM/DS_Input/Internal/택배_조직도.csv,택배_조직도.csv,Master,조직코드,1095.0,97.94,C:/projects/myproject/QDQM/DS_Input/Internal/배송점.csv,배송점.csv,Master,배송점코드,969.0,86.67
C:/projects/myproject/QDQM/DS_Input/Internal/기업고객.csv,기업고객.csv,집하지우편번호,Master,C:/projects/myproject/QDQM/DS_Input/Internal/CUSTOMER.csv,CUSTOMER.csv,Master,집하지우편번호,4085.0,96.23,,,,,,,,,,,,
C:/projects/myproject/QDQM/DS_Input/Internal/기업고객.csv,기업고객.csv,청구부서,Master,C:/projects/myproject/QDQM/DS_Input/Internal/CUSTOMER.csv,CUSTOMER.csv,Master,청구부서,351.0,99.72,C:/projects/myproject/QDQM/DS_Input/Internal/CUSTOMER.csv,CUSTOMER.csv,Master,담당부서,315.0,89.49,C:/projects/myproject/QDQM/DS_Input/Internal/기업고객.csv,기업고객.csv,Master,담당부서,315.0,89.49
C:/projects/myproject/QDQM/DS_Input/Internal/기업고객.csv,기업고객.csv,청구점소,Master,C:/projects/myproject/QDQM/DS_Input/Internal/CUSTOMER.csv,CUSTOMER.csv,Master,청구점소,109.0,100.0,C:/projects/myproject/QDQM/DS_Input/Internal/CUSTOMER.csv,CUSTOMER.csv,Master,수금점소,104.0,95.41,C:/projects/myproject/QDQM/DS_Input/Internal/기업고객.csv,기업고객.csv,Master,수금점소,104.0,95.41
C:/projects/myproject/QDQM/DS_Input/Internal/기업고객.csv,기업고객.csv,청구지우편번호,Master,C:/projects/myproject/QDQM/DS_Input/Internal/CUSTOMER.csv,CUSTOMER.csv,Master,청구지우편번호,3204.0,95.13,C:/projects/myproject/QDQM/DS_Input/Internal/기업고객.csv,기업고객.csv,Master,기업우편번호,2795.0,82.99,C:/projects/myproject/QDQM/DS_Input/Internal/CUSTOMER.csv,CUSTOMER.csv,Master,우편번호,2676.0,79.45
C:/projects/myproject/QDQM/DS_Input/Internal/기업고객.csv,기업고객.csv,최종변경자사번,Master,C:/projects/myproject/QDQM/DS_Input/Internal/CUSTOMER.csv,CUSTOMER.csv,Master,최종변경자사번,347.0,77.8,,,,,,,,,,,,
C:/projects/myproject/QDQM/DS_Input/Internal/기업고객.csv,기업고객.csv,최종수정일시,Master,C:/projects/myproject/QDQM/DS_Input/Internal/CUSTOMER.csv,CUSTOMER.csv,Master,최종수정일시,1845.0,100.0,C:/projects/myproject/QDQM/DS_Input/Internal/고객마스터.csv,고객마스터.csv,Master,등록일시,1631.0,88.4,C:/projects/myproject/QDQM/DS_Input/Internal/고객마스터.csv,고객마스터.csv,Master,최종사원업데이트일시,1421.0,77.02
C:/projects/myproject/QDQM/DS_Input/Internal/기업고객.csv,기업고객.csv,판매원사번,Master,C:/projects/myproject/QDQM/DS_Input/Internal/CONTRACT.csv,CONTRACT.csv,Master,SALES_EMP,748.0,79.91,C:/projects/myproject/QDQM/DS_Input/Internal/CUSTOMER.csv,CUSTOMER.csv,Master,판매원사번,686.0,73.29,,,,,,
C:/projects/myproject/QDQM/DS_Input/Internal/기업고객.csv,기업고객.csv,판매일,Master,C:/projects/myproject/QDQM/DS_Input/Internal/CUSTOMER.csv,CUSTOMER.csv,Master,판매일,3700.0,100.0,C:/projects/myproject/QDQM/DS_Input/Internal/CONTRACT.csv,CONTRACT.csv,Master,CONTRACT_DATE,2438.0,65.89,C:/projects/myproject/QDQM/DS_Input/Internal/사원마스터.csv,사원마스터.csv,Master,근무시작일자,2384.0,64.43
C:/projects/myproject/QDQM/DS_Input/Internal/기업고객.csv,기업고객.csv,판매점소,Master,C:/projects/myproject/QDQM/DS_Input/Internal/CUSTOMER.csv,CUSTOMER.csv,Master,판매점소,90.0,100.0,C:/projects/myproject/QDQM/DS_Input/Internal/CONTRACT.csv,CONTRACT.csv,Master,CONTRACT_ORG_CD,80.0,88.89,C:/projects/myproject/QDQM/DS_Input/Internal/택배_고객.csv,택배_고객.csv,Master,판매점소,77.0,85.56
C:/projects/myproject/QDQM/DS_Input/Internal/미배송사유코드.csv,미배송사유코드.csv,사유코드,Master,C:/projects/myproject/QDQM/DS_Input/Internal/CUSTOMER.csv,CUSTOMER.csv,Master,집하지소번지,32.0,80.0,C:/projects/myproject/QDQM/DS_Input/Internal/CUSTOMER.csv,CUSTOMER.csv,Master,집하지대번지,31.0,77.5,C:/projects/myproject/QDQM/DS_Input/Internal/test.csv,test.csv,Master,ID,30.0,75.0
C:/projects/myproject/QDQM/DS_Input/Internal/미배송사유코드.csv,미배송사유코드.csv,작업코드,Master,C:/projects/myproject/QDQM/DS_Input/Internal/CUSTOMER.csv,CUSTOMER.csv,Master,집하지대번지,8.0,66.67,,,,,,,,,,,,
C:/projects/myproject/QDQM/DS_Input/Internal/배송점.csv,배송점.csv,배송점명,Master,C:/projects/myproject/QDQM/DS_Input/Internal/ORGNIZATION.csv,ORGNIZATION.csv,Master,조직명,2463.0,100.0,C:/projects/myproject/QDQM/DS_Input/Internal/택배_조직도.csv,택배_조직도.csv,Master,조직명,2463.0,100.0,,,,,,
C:/projects/myproject/QDQM/DS_Input/Internal/배송점.csv,배송점.csv,배송점코드,Master,C:/projects/myproject/QDQM/DS_Input/Internal/ORGNIZATION.csv,ORGNIZATION.csv,Master,조직코드,2530.0,100.0,C:/projects/myproject/QDQM/DS_Input/Internal/택배_조직도.csv,택배_조직도.csv,Master,조직코드,2530.0,100.0,,,,,,
C:/projects/myproject/QDQM/DS_Input/Internal/배송점.csv,배송점.csv,사업자등록번호,Master,C:/projects/myproject/QDQM/DS_Input/Internal/ORGNIZATION.csv,ORGNIZATION.csv,Master,사업자등록번호,1364.0,100.0,C:/projects/myproject/QDQM/DS_Input/Internal/택배_조직도.csv,택배_조직도.csv,Master,사업자등록번호,1364.0,100.0,C:/projects/myproject/QDQM/DS_Input/Internal/PRM계약.csv,PRM계약.csv,Master,사업자번호,846.0,62.02
C:/projects/myproject/QDQM/DS_Input/Internal/배송점.csv,배송점.csv,상위조직코드,Master,C:/projects/myproject/QDQM/DS_Input/Internal/ORGNIZATION.csv,ORGNIZATION.csv,Master,상위조직코드,455.0,100.0,C:/projects/myproject/QDQM/DS_Input/Internal/택배_조직도.csv,택배_조직도.csv,Master,상위조직코드,455.0,100.0,C:/projects/myproject/QDQM/DS_Input/Internal/ORGNIZATION.csv,ORGNIZATION.csv,Master,조직코드,454.0,99.78
C:/projects/myproject/QDQM/DS_Input/Internal/배송점.csv,배송점.csv,우편번호,Master,C:/projects/myproject/QDQM/DS_Input/Internal/ORGNIZATION.csv,ORGNIZATION.csv,Master,우편번호,1341.0,100.0,C:/projects/myproject/QDQM/DS_Input/Internal/택배_조직도.csv,택배_조직도.csv,Master,우편번호,1341.0,100.0,,,,,,
C:/projects/myproject/QDQM/DS_Input/Internal/배송점.csv,배송점.csv,조직계약시작일자,Master,C:/projects/myproject/QDQM/DS_Input/Internal/ORGNIZATION.csv,ORGNIZATION.csv,Master,조직계약시작일자,394.0,100.0,C:/projects/myproject/QDQM/DS_Input/Internal/택배_조직도.csv,택배_조직도.csv,Master,조직계약시작일자,394.0,100.0,C:/projects/myproject/QDQM/DS_Input/Internal/사원마스터.csv,사원마스터.csv,Master,근무시작일자,314.0,79.7
C:/projects/myproject/QDQM/DS_Input/Internal/배송점.csv,배송점.csv,조직계약종료일자,Master,C:/projects/myproject/QDQM/DS_Input/Internal/ORGNIZATION.csv,ORGNIZATION.csv,Master,조직계약종료일자,101.0,100.0,C:/projects/myproject/QDQM/DS_Input/Internal/택배_조직도.csv,택배_조직도.csv,Master,조직계약종료일자,101.0,100.0,C:/projects/myproject/QDQM/DS_Input/Internal/CUSTOMER.csv,CUSTOMER.csv,Master,계약기간종료일,89.0,88.12
C:/projects/myproject/QDQM/DS_Input/Internal/배송점.csv,배송점.csv,조직폐쇄일자,Master,C:/projects/myproject/QDQM/DS_Input/Internal/ORGNIZATION.csv,ORGNIZATION.csv,Master,조직폐쇄일자,165.0,100.0,C:/projects/myproject/QDQM/DS_Input/Internal/택배_조직도.csv,택배_조직도.csv,Master,조직폐쇄일자,165.0,100.0,C:/projects/myproject/QDQM/DS_Input/Internal/사원마스터.csv,사원마스터.csv,Master,근무시작일자,111.0,67.27
C:/projects/myproject/QDQM/DS_Input/Internal/배송점.csv,배송점.csv,최수정일시,Master,C:/projects/myproject/QDQM/DS_Input/Internal/ORGNIZATION.csv,ORGNIZATION.csv,Master,최수정일시,502.0,100.0,C:/projects/myproject/QDQM/DS_Input/Internal/고객마스터.csv,고객마스터.csv,Master,등록일시,448.0,89.24,C:/projects/myproject/QDQM/DS_Input/Internal/고객마스터.csv,고객마스터.csv,Master,최종사원업데이트일시,373.0,74.3
C:/projects/myproject/QDQM/DS_Input/Internal/배송점.csv,배송점.csv,최종수정자,Master,C:/projects/myproject/QDQM/DS_Input/Internal/ORGNIZATION.csv,ORGNIZATION.csv,Master,최종수정자,251.0,100.0,C:/projects/myproject/QDQM/DS_Input/Internal/택배_조직도.csv,택배_조직도.csv,Master,최종업데이트사원번호,251.0,100.0,C:/projects/myproject/QDQM/DS_Input/Internal/사용자.csv,사용자.csv,Master,사원번호,193.0,76.89
C:/projects/myproject/QDQM/DS_Input/Internal/배송점.csv,배송점.csv,팩스번호,Master,C:/projects/myproject/QDQM/DS_Input/Internal/ORGNIZATION.csv,ORGNIZATION.csv,Master,팩스번호,518.0,100.0,C:/projects/myproject/QDQM/DS_Input/Internal/택배_조직도.csv,택배_조직도.csv,Master,팩스번호,518.0,100.0,,,,,,
C:/projects/myproject/QDQM/DS_Input/Internal/사업구분.csv,사업구분.csv,ERP_COA_DIVS,Master,C:/projects/myproject/QDQM/DS_Input/Internal/관리회계_사업.csv,관리회계_사업.csv,Master,사업코드,75.0,100.0,C:/projects/myproject/QDQM/DS_Input/Internal/사업코드관리.csv,사업코드관리.csv,Master,business_level6_cd,74.0,98.67,C:/projects/myproject/QDQM/DS_Input/Internal/사업코드관리.csv,사업코드관리.csv,Master,사업코드,74.0,98.67
C:/projects/myproject/QDQM/DS_Input/Internal/사업구분.csv,사업구분.csv,등록일자,Master,C:/projects/myproject/QDQM/DS_Input/Internal/사원기본.csv,사원기본.csv,Master,시근일자,60.0,69.77,C:/projects/myproject/QDQM/DS_Input/Internal/사원마스터.csv,사원마스터.csv,Master,근무시작일자,58.0,67.44,C:/projects/myproject/QDQM/DS_Input/Internal/CONTRACT.csv,CONTRACT.csv,Master,CONTRACT_DATE,54.0,62.79
C:/projects/myproject/QDQM/DS_Input/Internal/사업구분.csv,사업구분.csv,수정일자,Master,C:/projects/myproject/QDQM/DS_Input/Internal/사원기본.csv,사원기본.csv,Master,시근일자,45.0,81.82,C:/projects/myproject/QDQM/DS_Input/Internal/CUSTOMER.csv,CUSTOMER.csv,Master,판매일,41.0,74.55,C:/projects/myproject/QDQM/DS_Input/Internal/기업고객.csv,기업고객.csv,Master,판매일,41.0,74.55
C:/projects/myproject/QDQM/DS_Input/Internal/사업구분.csv,사업구분.csv,처리자사번,Master,C:/projects/myproject/QDQM/DS_Input/Internal/사용자.csv,사용자.csv,Master,사원번호,12.0,100.0,C:/projects/myproject/QDQM/DS_Input/Internal/사용자.csv,사용자.csv,Master,처리자사번,11.0,91.67,C:/projects/myproject/QDQM/DS_Input/Test/Z사용자.csv,Z사용자.csv,Test,사원번호,8.0,66.67
C:/projects/myproject/QDQM/DS_Input/Internal/사업구분.csv,사업구분.csv,폐기일자,Master,C:/projects/myproject/QDQM/DS_Input/Internal/CUSTOMER.csv,CUSTOMER.csv,Master,판매일,11.0,84.62,C:/projects/myproject/QDQM/DS_Input/Internal/기업고객.csv,기업고객.csv,Master,판매일,11.0,84.62,C:/projects/myproject/QDQM/DS_Input/Internal/택배_고객.csv,택배_고객.csv,Master,판매일,10.0,76.92
C:/projects/myproject/QDQM/DS_Input/Internal/사업코드관리.csv,사업코드관리.csv,business_level5_cd,Master,C:/projects/myproject/QDQM/DS_Input/Internal/관리회계_사업.csv,관리회계_사업.csv,Master,사업코드,150.0,100.0,C:/projects/myproject/QDQM/DS_Input/Internal/사업코드관리.csv,사업코드관리.csv,Master,business_level6_cd,150.0,100.0,C:/projects/myproject/QDQM/DS_Input/Internal/사업코드관리.csv,사업코드관리.csv,Master,사업코드,150.0,100.0
C:/projects/myproject/QDQM/DS_Input/Internal/사업코드관리.csv,사업코드관리.csv,business_level5_name,Master,C:/projects/myproject/QDQM/DS_Input/Internal/사업코드관리.csv,사업코드관리.csv,Master,business_level6_name,149.0,100.0,C:/projects/myproject/QDQM/DS_Input/Internal/사업코드관리.csv,사업코드관리.csv,Master,사업명,149.0,100.0,C:/projects/myproject/QDQM/DS_Input/Internal/관리회계_사업.csv,관리회계_사업.csv,Master,사업명,140.0,93.96
C:/projects/myproject/QDQM/DS_Input/Internal/사업코드관리.csv,사업코드관리.csv,business_level6_cd,Master,C:/projects/myproject/QDQM/DS_Input/Internal/관리회계_사업.csv,관리회계_사업.csv,Master,사업코드,181.0,100.0,C:/projects/myproject/QDQM/DS_Input/Internal/사업코드관리.csv,사업코드관리.csv,Master,사업코드,181.0,100.0,C:/projects/myproject/QDQM/DS_Input/Internal/CUSTOMER.csv,CUSTOMER.csv,Master,집하지대번지,157.0,86.74
C:/projects/myproject/QDQM/DS_Input/Internal/사업코드관리.csv,사업코드관리.csv,business_level6_name,Master,C:/projects/myproject/QDQM/DS_Input/Internal/사업코드관리.csv,사업코드관리.csv,Master,사업명,180.0,100.0,C:/projects/myproject/QDQM/DS_Input/Internal/관리회계_사업.csv,관리회계_사업.csv,Master,사업명,164.0,91.11,C:/projects/myproject/QDQM/DS_Input/Internal/사업코드관리.csv,사업코드관리.csv,Master,business_level5_name,149.0,82.78
C:/projects/myproject/QDQM/DS_Input/Internal/사업코드관리.csv,사업코드관리.csv,사업명,Master,C:/projects/myproject/QDQM/DS_Input/Internal/사업코드관리.csv,사업코드관리.csv,Master,business_level6_name,180.0,100.0,C:/projects/myproject/QDQM/DS_Input/Internal/관리회계_사업.csv,관리회계_사업.csv,Master,사업명,164.0,91.11,C:/projects/myproject/QDQM/DS_Input/Internal/사업코드관리.csv,사업코드관리.csv,Master,business_level5_name,149.0,82.78
C:/projects/myproject/QDQM/DS_Input/Internal/사업코드관리.csv,사업코드관리.csv,사업코드,Master,C:/projects/myproject/QDQM/DS_Input/Internal/관리회계_사업.csv,관리회계_사업.csv,Master,사업코드,181.0,100.0,C:/projects/myproject/QDQM/DS_Input/Internal/사업코드관리.csv,사업코드관리.csv,Master,business_level6_cd,181.0,100.0,C:/projects/myproject/QDQM/DS_Input/Internal/CUSTOMER.csv,CUSTOMER.csv,Master,집하지대번지,157.0,86.74
C:/projects/myproject/QDQM/DS_Input/Internal/사업코드관리.csv,사업코드관리.csv,소사업명,Master,C:/projects/myproject/QDQM/DS_Input/Internal/사업코드관리.csv,사업코드관리.csv,Master,business_level5_name,65.0,100.0,C:/projects/myproject/QDQM/DS_Input/Internal/사업코드관리.csv,사업코드관리.csv,Master,business_level6_name,65.0,100.0,C:/projects/myproject/QDQM/DS_Input/Internal/사업코드관리.csv,사업코드관리.csv,Master,사업명,65.0,100.0
C:/projects/myproject/QDQM/DS_Input/Internal/사업코드관리.csv,사업코드관리.csv,소사업코드,Master,C:/projects/myproject/QDQM/DS_Input/Internal/관리회계_사업.csv,관리회계_사업.csv,Master,사업코드,65.0,100.0,C:/projects/myproject/QDQM/DS_Input/Internal/관리회계_사업.csv,관리회계_사업.csv,Master,상위사업코드,65.0,100.0,C:/projects/myproject/QDQM/DS_Input/Internal/사업코드관리.csv,사업코드관리.csv,Master,business_level5_cd,65.0,100.0
C:/projects/myproject/QDQM/DS_Input/Internal/사업코드관리.csv,사업코드관리.csv,정렬순서,Master,C:/projects/myproject/QDQM/DS_Input/Internal/관리회계_사업.csv,관리회계_사업.csv,Master,정렬순서,346.0,100.0,C:/projects/myproject/QDQM/DS_Input/Internal/관리회계_조직그룹상세.csv,관리회계_조직그룹상세.csv,Master,정렬순서,346.0,100.0,C:/projects/myproject/QDQM/DS_Input/Internal/관리회계계정.csv,관리회계계정.csv,Master,정렬순서,346.0,100.0
C:/projects/myproject/QDQM/DS_Input/Internal/사업코드관리.csv,사업코드관리.csv,중사업명,Master,C:/projects/myproject/QDQM/DS_Input/Internal/사업코드관리.csv,사업코드관리.csv,Master,business_level5_name,22.0,100.0,C:/projects/myproject/QDQM/DS_Input/Internal/사업코드관리.csv,사업코드관리.csv,Master,business_level6_name,22.0,100.0,C:/projects/myproject/QDQM/DS_Input/Internal/사업코드관리.csv,사업코드관리.csv,Master,사업명,22.0,100.0
C:/projects/myproject/QDQM/DS_Input/Internal/사업코드관리.csv,사업코드관리.csv,중사업코드,Master,C:/projects/myproject/QDQM/DS_Input/Internal/관리회계_사업.csv,관리회계_사업.csv,Master,사업코드,22.0,100.0,C:/projects/myproject/QDQM/DS_Input/Internal/관리회계_사업.csv,관리회계_사업.csv,Master,상위사업코드,22.0,100.0,C:/projects/myproject/QDQM/DS_Input/Internal/사업코드관리.csv,사업코드관리.csv,Master,business_level5_cd,22.0,100.0
C:/projects/myproject/QDQM/DS_Input/Internal/사용자.csv,사용자.csv,HR시스템소속변경일자,Master,C:/projects/myproject/QDQM/DS_Input/Internal/사원마스터.csv,사원마스터.csv,Master,근무시작일자,160.0,87.91,C:/projects/myproject/QDQM/DS_Input/Internal/사원기본.csv,사원기본.csv,Master,시근일자,156.0,85.71,C:/projects/myproject/QDQM/DS_Input/Internal/CUSTOMER.csv,CUSTOMER.csv,Master,판매일,137.0,75.27
C:/projects/myproject/QDQM/DS_Input/Internal/사용자.csv,사용자.csv,등록일자,Master,C:/projects/myproject/QDQM/DS_Input/Internal/사원마스터.csv,사원마스터.csv,Master,근무시작일자,704.0,66.1,C:/projects/myproject/QDQM/DS_Input/Internal/사원기본.csv,사원기본.csv,Master,시근일자,681.0,63.94,C:/projects/myproject/QDQM/DS_Input/Internal/CUSTOMER.csv,CUSTOMER.csv,Master,판매일,645.0,60.56
C:/projects/myproject/QDQM/DS_Input/Internal/사용자.csv,사용자.csv,비매출세금계산서발급제한일,Master,C:/projects/myproject/QDQM/DS_Input/Internal/사원마스터.csv,사원마스터.csv,Master,근무시작일자,126.0,69.61,C:/projects/myproject/QDQM/DS_Input/Internal/사원기본.csv,사원기본.csv,Master,시근일자,125.0,69.06,C:/projects/myproject/QDQM/DS_Input/Internal/CONTRACT.csv,CONTRACT.csv,Master,CONTRACT_DATE,111.0,61.33
C:/projects/myproject/QDQM/DS_Input/Internal/사용자.csv,사용자.csv,비밀번호변경일,Master,C:/projects/myproject/QDQM/DS_Input/Internal/사원마스터.csv,사원마스터.csv,Master,근무시작일자,806.0,75.26,C:/projects/myproject/QDQM/DS_Input/Internal/사원기본.csv,사원기본.csv,Master,시근일자,765.0,71.43,C:/projects/myproject/QDQM/DS_Input/Internal/CONTRACT.csv,CONTRACT.csv,Master,CONTRACT_DATE,682.0,63.68
C:/projects/myproject/QDQM/DS_Input/Internal/사용자.csv,사용자.csv,사용자계정잠금일자,Master,C:/projects/myproject/QDQM/DS_Input/Internal/사원기본.csv,사원기본.csv,Master,시근일자,279.0,69.06,C:/projects/myproject/QDQM/DS_Input/Internal/사원마스터.csv,사원마스터.csv,Master,근무시작일자,270.0,66.83,C:/projects/myproject/QDQM/DS_Input/Internal/사원기본.csv,사원기본.csv,Master,사직일자,245.0,60.64
C:/projects/myproject/QDQM/DS_Input/Internal/사용자.csv,사용자.csv,수정일자,Master,C:/projects/myproject/QDQM/DS_Input/Internal/사원마스터.csv,사원마스터.csv,Master,근무시작일자,815.0,68.95,C:/projects/myproject/QDQM/DS_Input/Internal/사원기본.csv,사원기본.csv,Master,시근일자,776.0,65.65,C:/projects/myproject/QDQM/DS_Input/Internal/CONTRACT.csv,CONTRACT.csv,Master,CONTRACT_DATE,733.0,62.01
C:/projects/myproject/QDQM/DS_Input/Internal/사용자.csv,사용자.csv,점소코드,Master,C:/projects/myproject/QDQM/DS_Input/Test/Z사용자.csv,Z사용자.csv,Test,점소코드,229.0,80.63,C:/projects/myproject/QDQM/DS_Input/Internal/조직_수입관리.csv,조직_수입관리.csv,Master,OIO_ORG_NCD,172.0,60.56,C:/projects/myproject/QDQM/DS_Input/Internal/지점코드.csv,지점코드.csv,Master,OIO_ORG_NCD,172.0,60.56
C:/projects/myproject/QDQM/DS_Input/Internal/사용자.csv,사용자.csv,직급,Master,C:/projects/myproject/QDQM/DS_Input/Test/Z사용자.csv,Z사용자.csv,Test,직급,119.0,73.01,,,,,,,,,,,,
C:/projects/myproject/QDQM/DS_Input/Internal/사용자.csv,사용자.csv,처리자사번,Master,C:/projects/myproject/QDQM/DS_Input/Internal/사용자.csv,사용자.csv,Master,사원번호,380.0,100.0,C:/projects/myproject/QDQM/DS_Input/Test/Z사용자.csv,Z사용자.csv,Test,사원번호,270.0,71.05,,,,,,
C:/projects/myproject/QDQM/DS_Input/Internal/사용자.csv,사용자.csv,폐기일자,Master,C:/projects/myproject/QDQM/DS_Input/Internal/사용자.csv,사용자.csv,Master,수정일자,358.0,71.74,C:/projects/myproject/QDQM/DS_Input/Internal/사원마스터.csv,사원마스터.csv,Master,근무시작일자,334.0,66.93,C:/projects/myproject/QDQM/DS_Input/Internal/사원기본.csv,사원기본.csv,Master,시근일자,310.0,62.12
C:/projects/myproject/QDQM/DS_Input/Internal/사용자.csv,사용자.csv,한웨이 ID,Master,C:/projects/myproject/QDQM/DS_Input/Internal/사용자.csv,사용자.csv,Master,사원번호,1504.0,97.73,,,,,,,,,,,,
C:/projects/myproject/QDQM/DS_Input/Internal/사원기본.csv,사원기본.csv,사직일자,Master,C:/projects/myproject/QDQM/DS_Input/Internal/사원마스터.csv,사원마스터.csv,Master,사직일자,2021.0,66.22,C:/projects/myproject/QDQM/DS_Input/Internal/사원마스터.csv,사원마스터.csv,Master,근무시작일자,1940.0,63.56,,,,,,
C:/projects/myproject/QDQM/DS_Input/Internal/사원기본.csv,사원기본.csv,소속조직코드,Master,C:/projects/myproject/QDQM/DS_Input/Internal/ORGNIZATION.csv,ORGNIZATION.csv,Master,조직코드,1646.0,95.09,C:/projects/myproject/QDQM/DS_Input/Internal/택배_조직도.csv,택배_조직도.csv,Master,조직코드,1646.0,95.09,C:/projects/myproject/QDQM/DS_Input/Internal/사원마스터.csv,사원마스터.csv,Master,조직코드,1470.0,84.92
C:/projects/myproject/QDQM/DS_Input/Internal/사원기본.csv,사원기본.csv,시근일자,Master,C:/projects/myproject/QDQM/DS_Input/Internal/사원마스터.csv,사원마스터.csv,Master,근무시작일자,2786.0,69.22,,,,,,,,,,,,
C:/projects/myproject/QDQM/DS_Input/Internal/사원기본.csv,사원기본.csv,직종코드,Master,C:/projects/myproject/QDQM/DS_Input/Internal/CUSTOMER.csv,CUSTOMER.csv,Master,집하지대번지,28.0,96.55,C:/projects/myproject/QDQM/DS_Input/Internal/사원마스터.csv,사원마스터.csv,Master,직종코드,28.0,96.55,C:/projects/myproject/QDQM/DS_Input/Internal/CUSTOMER.csv,CUSTOMER.csv,Master,집하지소번지,26.0,89.66
C:/projects/myproject/QDQM/DS_Input/Internal/사원마스터.csv,사원마스터.csv,근무시작일자,Master,C:/projects/myproject/QDQM/DS_Input/Internal/사원기본.csv,사원기본.csv,Master,시근일자,2786.0,64.82,,,,,,,,,,,,
C:/projects/myproject/QDQM/DS_Input/Internal/사원마스터.csv,사원마스터.csv,사직일자,Master,C:/projects/myproject/QDQM/DS_Input/Internal/사원기본.csv,사원기본.csv,Master,사직일자,2021.0,69.59,C:/projects/myproject/QDQM/DS_Input/Internal/사원마스터.csv,사원마스터.csv,Master,근무시작일자,1845.0,63.53,,,,,,
C:/projects/myproject/QDQM/DS_Input/Internal/사원마스터.csv,사원마스터.csv,소속회사,Master,C:/projects/myproject/QDQM/DS_Input/Internal/사원기본.csv,사원기본.csv,Master,소속회사,108.0,98.18,,,,,,,,,,,,
C:/projects/myproject/QDQM/DS_Input/Internal/사원마스터.csv,사원마스터.csv,인사시스템사번,Master,C:/projects/myproject/QDQM/DS_Input/Internal/사원마스터.csv,사원마스터.csv,Master,사원번호,55.0,62.5,,,,,,,,,,,,
C:/projects/myproject/QDQM/DS_Input/Internal/사원마스터.csv,사원마스터.csv,조직코드,Master,C:/projects/myproject/QDQM/DS_Input/Internal/ORGNIZATION.csv,ORGNIZATION.csv,Master,조직코드,1641.0,94.97,C:/projects/myproject/QDQM/DS_Input/Internal/택배_조직도.csv,택배_조직도.csv,Master,조직코드,1641.0,94.97,C:/projects/myproject/QDQM/DS_Input/Internal/사원기본.csv,사원기본.csv,Master,소속조직코드,1470.0,85.07
C:/projects/myproject/QDQM/DS_Input/Internal/사원마스터.csv,사원마스터.csv,직종코드,Master,C:/projects/myproject/QDQM/DS_Input/Internal/사원기본.csv,사원기본.csv,Master,직종코드,28.0,100.0,C:/projects/myproject/QDQM/DS_Input/Internal/CUSTOMER.csv,CUSTOMER.csv,Master,집하지대번지,27.0,96.43,C:/projects/myproject/QDQM/DS_Input/Internal/CUSTOMER.csv,CUSTOMER.csv,Master,집하지소번지,25.0,89.29
C:/projects/myproject/QDQM/DS_Input/Internal/사원마스터.csv,사원마스터.csv,화물운송종사자자격취득일,Master,C:/projects/myproject/QDQM/DS_Input/Internal/사원마스터.csv,사원마스터.csv,Master,근무시작일자,648.0,62.49,,,,,,,,,,,,
C:/projects/myproject/QDQM/DS_Input/Internal/상품분류.csv,상품분류.csv,상품코드,Master,C:/projects/myproject/QDQM/DS_Input/Internal/상품코드.csv,상품코드.csv,Master,상품코드,152.0,100.0,,,,,,,,,,,,
C:/projects/myproject/QDQM/DS_Input/Internal/상품분류.csv,상품분류.csv,접수시주의사항,Master,C:/projects/myproject/QDQM/DS_Input/Internal/상품코드.csv,상품코드.csv,Master,접수시주의사항,62.0,100.0,,,,,,,,,,,,
C:/projects/myproject/QDQM/DS_Input/Internal/상품분류.csv,상품분류.csv,판매중지일,Master,C:/projects/myproject/QDQM/DS_Input/Internal/상품코드.csv,상품코드.csv,Master,판매중지일,17.0,100.0,C:/projects/myproject/QDQM/DS_Input/Internal/CONTRACT.csv,CONTRACT.csv,Master,CONTRACT_DATE,11.0,64.71,C:/projects/myproject/QDQM/DS_Input/Internal/CUSTOMER.csv,CUSTOMER.csv,Master,판매일,11.0,64.71
C:/projects/myproject/QDQM/DS_Input/Internal/상품코드.csv,상품코드.csv,상품코드,Master,C:/projects/myproject/QDQM/DS_Input/Internal/상품분류.csv,상품분류.csv,Master,상품코드,152.0,100.0,,,,,,,,,,,,
C:/projects/myproject/QDQM/DS_Input/Internal/상품코드.csv,상품코드.csv,접수시주의사항,Master,C:/projects/myproject/QDQM/DS_Input/Internal/상품분류.csv,상품분류.csv,Master,접수시주의사항,62.0,100.0,,,,,,,,,,,,
C:/projects/myproject/QDQM/DS_Input/Internal/상품코드.csv,상품코드.csv,판매중지일,Master,C:/projects/myproject/QDQM/DS_Input/Internal/상품분류.csv,상품분류.csv,Master,판매중지일,17.0,100.0,C:/projects/myproject/QDQM/DS_Input/Internal/CONTRACT.csv,CONTRACT.csv,Master,CONTRACT_DATE,11.0,64.71,C:/projects/myproject/QDQM/DS_Input/Internal/CUSTOMER.csv,CUSTOMER.csv,Master,판매일,11.0,64.71
C:/projects/myproject/QDQM/DS_Input/Internal/선박.csv,선박.csv,총길이,Master,C:/projects/myproject/QDQM/DS_Input/Internal/CUSTOMER.csv,CUSTOMER.csv,Master,집하지대번지,97.0,97.0,,,,,,,,,,,,
C:/projects/myproject/QDQM/DS_Input/Internal/선석.csv,선석.csv,선석길이,Master,C:/projects/myproject/QDQM/DS_Input/Internal/CUSTOMER.csv,CUSTOMER.csv,Master,집하지대번지,113.0,85.61,,,,,,,,,,,,
C:/projects/myproject/QDQM/DS_Input/Internal/선석.csv,선석.csv,조회순번,Master,C:/projects/myproject/QDQM/DS_Input/Internal/CUSTOMER.csv,CUSTOMER.csv,Master,집하지대번지,14.0,100.0,C:/projects/myproject/QDQM/DS_Input/Internal/CUSTOMER.csv,CUSTOMER.csv,Master,집하지소번지,14.0,100.0,C:/projects/myproject/QDQM/DS_Input/Internal/test.csv,test.csv,Master,ID,13.0,92.86
C:/projects/myproject/QDQM/DS_Input/Internal/영업소.csv,영업소.csv,계약영업소코드,Master,C:/projects/myproject/QDQM/DS_Input/Internal/영업소.csv,영업소.csv,Master,영업소코드,71.0,100.0,C:/projects/myproject/QDQM/DS_Input/Internal/CUSTOMER.csv,CUSTOMER.csv,Master,집하지대번지,64.0,90.14,C:/projects/myproject/QDQM/DS_Input/Internal/ORGNIZATION.csv,ORGNIZATION.csv,Master,조직코드,53.0,74.65
C:/projects/myproject/QDQM/DS_Input/Internal/영업소.csv,영업소.csv,사업자등록번호,Master,C:/projects/myproject/QDQM/DS_Input/Internal/ORGNIZATION.csv,ORGNIZATION.csv,Master,사업자등록번호,74.0,97.37,C:/projects/myproject/QDQM/DS_Input/Internal/배송점.csv,배송점.csv,Master,사업자등록번호,74.0,97.37,C:/projects/myproject/QDQM/DS_Input/Internal/택배_조직도.csv,택배_조직도.csv,Master,사업자등록번호,74.0,97.37
C:/projects/myproject/QDQM/DS_Input/Internal/영업소.csv,영업소.csv,상위영업소코드,Master,C:/projects/myproject/QDQM/DS_Input/Internal/CUSTOMER.csv,CUSTOMER.csv,Master,집하지대번지,18.0,100.0,C:/projects/myproject/QDQM/DS_Input/Internal/영업소.csv,영업소.csv,Master,영업소코드,18.0,100.0,C:/projects/myproject/QDQM/DS_Input/Internal/ORGNIZATION.csv,ORGNIZATION.csv,Master,상위조직코드,17.0,94.44
C:/projects/myproject/QDQM/DS_Input/Internal/영업소.csv,영업소.csv,설립일자,Master,C:/projects/myproject/QDQM/DS_Input/Internal/CONTRACT.csv,CONTRACT.csv,Master,CONTRACT_DATE,51.0,71.83,C:/projects/myproject/QDQM/DS_Input/Internal/CUSTOMER.csv,CUSTOMER.csv,Master,판매일,51.0,71.83,C:/projects/myproject/QDQM/DS_Input/Internal/사원마스터.csv,사원마스터.csv,Master,근무시작일자,51.0,71.83
C:/projects/myproject/QDQM/DS_Input/Internal/영업소.csv,영업소.csv,업무개시일,Master,C:/projects/myproject/QDQM/DS_Input/Internal/CUSTOMER.csv,CUSTOMER.csv,Master,판매일,60.0,86.96,C:/projects/myproject/QDQM/DS_Input/Internal/기업고객.csv,기업고객.csv,Master,판매일,59.0,85.51,C:/projects/myproject/QDQM/DS_Input/Internal/사원기본.csv,사원기본.csv,Master,시근일자,58.0,84.06
C:/projects/myproject/QDQM/DS_Input/Internal/영업소.csv,영업소.csv,영업소약명,Master,C:/projects/myproject/QDQM/DS_Input/Internal/영업소.csv,영업소.csv,Master,영업소명,109.0,82.58,,,,,,,,,,,,
C:/projects/myproject/QDQM/DS_Input/Internal/영업소.csv,영업소.csv,영업소코드,Master,C:/projects/myproject/QDQM/DS_Input/Internal/CUSTOMER.csv,CUSTOMER.csv,Master,집하지대번지,129.0,88.36,C:/projects/myproject/QDQM/DS_Input/Internal/ORGNIZATION.csv,ORGNIZATION.csv,Master,조직코드,105.0,71.92,C:/projects/myproject/QDQM/DS_Input/Internal/조직터미널마스터.csv,조직터미널마스터.csv,Master,터미널조직코드,105.0,71.92
C:/projects/myproject/QDQM/DS_Input/Internal/영업소.csv,영업소.csv,우편번호,Master,C:/projects/myproject/QDQM/DS_Input/Internal/택배_고객.csv,택배_고객.csv,Master,집하지우편번호,54.0,72.97,C:/projects/myproject/QDQM/DS_Input/Internal/택배_고객.csv,택배_고객.csv,Master,고객 청구지우편번호,47.0,63.51,C:/projects/myproject/QDQM/DS_Input/Internal/CONTRACT.csv,CONTRACT.csv,Master,ZIP,46.0,62.16
C:/projects/myproject/QDQM/DS_Input/Internal/영업소.csv,영업소.csv,지역구분,Master,C:/projects/myproject/QDQM/DS_Input/Internal/CUSTOMER.csv,CUSTOMER.csv,Master,집하지대번지,14.0,100.0,C:/projects/myproject/QDQM/DS_Input/Test/Z검증용데이터.csv,Z검증용데이터.csv,Test,수량,14.0,100.0,C:/projects/myproject/QDQM/DS_Input/Internal/CUSTOMER.csv,CUSTOMER.csv,Master,집하지소번지,13.0,92.86
C:/projects/myproject/QDQM/DS_Input/Internal/조직_수입관리.csv,조직_수입관리.csv,OIO_ORG_COD,Master,C:/projects/myproject/QDQM/DS_Input/Internal/지점코드.csv,지점코드.csv,Master,OIO_ORG_COD,196.0,100.0,,,,,,,,,,,,
C:/projects/myproject/QDQM/DS_Input/Internal/조직_수입관리.csv,조직_수입관리.csv,OIO_ORG_NAM,Master,C:/projects/myproject/QDQM/DS_Input/Internal/지점코드.csv,지점코드.csv,Master,OIO_ORG_NAM,196.0,100.0,C:/projects/myproject/QDQM/DS_Input/Internal/사용자.csv,사용자.csv,Master,팀명,119.0,60.71,,,,,,
C:/projects/myproject/QDQM/DS_Input/Internal/조직_수입관리.csv,조직_수입관리.csv,OIO_ORG_NCD,Master,C:/projects/myproject/QDQM/DS_Input/Internal/지점코드.csv,지점코드.csv,Master,OIO_ORG_NCD,187.0,100.0,C:/projects/myproject/QDQM/DS_Input/Internal/사용자.csv,사용자.csv,Master,점소코드,172.0,91.98,C:/projects/myproject/QDQM/DS_Input/Test/Z사용자.csv,Z사용자.csv,Test,점소코드,151.0,80.75
C:/projects/myproject/QDQM/DS_Input/Internal/조직_수입관리.csv,조직_수입관리.csv,OIO_PIN_COD,Master,C:/projects/myproject/QDQM/DS_Input/Internal/지점코드.csv,지점코드.csv,Master,OIO_PIN_COD,128.0,100.0,,,,,,,,,,,,
C:/projects/myproject/QDQM/DS_Input/Internal/조직터미널마스터.csv,조직터미널마스터.csv,load_chute_cnt,Master,C:/projects/myproject/QDQM/DS_Input/Internal/CUSTOMER.csv,CUSTOMER.csv,Master,집하지소번지,17.0,94.44,C:/projects/myproject/QDQM/DS_Input/Internal/미배송사유코드.csv,미배송사유코드.csv,Master,사유코드,14.0,77.78,C:/projects/myproject/QDQM/DS_Input/Internal/조직터미널마스터.csv,조직터미널마스터.csv,Master,unload_chute_cnt,11.0,61.11
C:/projects/myproject/QDQM/DS_Input/Internal/조직터미널마스터.csv,조직터미널마스터.csv,unitiz_goal,Master,C:/projects/myproject/QDQM/DS_Input/Internal/CUSTOMER.csv,CUSTOMER.csv,Master,집하지대번지,38.0,100.0,C:/projects/myproject/QDQM/DS_Input/Internal/CUSTOMER.csv,CUSTOMER.csv,Master,집하지소번지,33.0,86.84,C:/projects/myproject/QDQM/DS_Input/Internal/선박.csv,선박.csv,Master,총중량,25.0,65.79
C:/projects/myproject/QDQM/DS_Input/Internal/조직터미널마스터.csv,조직터미널마스터.csv,unload_chute_cnt,Master,C:/projects/myproject/QDQM/DS_Input/Internal/CUSTOMER.csv,CUSTOMER.csv,Master,집하지소번지,11.0,100.0,C:/projects/myproject/QDQM/DS_Input/Internal/조직터미널마스터.csv,조직터미널마스터.csv,Master,load_chute_cnt,11.0,100.0,C:/projects/myproject/QDQM/DS_Input/Internal/미배송사유코드.csv,미배송사유코드.csv,Master,사유코드,10.0,90.91
C:/projects/myproject/QDQM/DS_Input/Internal/조직터미널마스터.csv,조직터미널마스터.csv,실제터미널조직코드,Master,C:/projects/myproject/QDQM/DS_Input/Internal/ORGNIZATION.csv,ORGNIZATION.csv,Master,조직코드,426.0,100.0,C:/projects/myproject/QDQM/DS_Input/Internal/조직터미널마스터.csv,조직터미널마스터.csv,Master,터미널조직코드,426.0,100.0,C:/projects/myproject/QDQM/DS_Input/Internal/택배_조직도.csv,택배_조직도.csv,Master,조직코드,426.0,100.0
C:/projects/myproject/QDQM/DS_Input/Internal/조직터미널마스터.csv,조직터미널마스터.csv,최종업데이트사원번호,Master,C:/projects/myproject/QDQM/DS_Input/Internal/ORGNIZATION.csv,ORGNIZATION.csv,Master,최종수정자,40.0,100.0,C:/projects/myproject/QDQM/DS_Input/Internal/택배_조직도.csv,택배_조직도.csv,Master,최종업데이트사원번호,40.0,100.0,C:/projects/myproject/QDQM/DS_Input/Internal/택배_조직도.csv,택배_조직도.csv,Master,최종변경사용자ID,39.0,97.5
C:/projects/myproject/QDQM/DS_Input/Internal/조직터미널마스터.csv,조직터미널마스터.csv,터미널조직코드,Master,C:/projects/myproject/QDQM/DS_Input/Internal/ORGNIZATION.csv,ORGNIZATION.csv,Master,조직코드,557.0,100.0,C:/projects/myproject/QDQM/DS_Input/Internal/택배_조직도.csv,택배_조직도.csv,Master,조직코드,557.0,100.0,C:/projects/myproject/QDQM/DS_Input/Internal/ORGNIZATION.csv,ORGNIZATION.csv,Master,상위조직코드,499.0,89.59
C:/projects/myproject/QDQM/DS_Input/Internal/지점코드.csv,지점코드.csv,OIO_ORG_COD,Master,C:/projects/myproject/QDQM/DS_Input/Internal/조직_수입관리.csv,조직_수입관리.csv,Master,OIO_ORG_COD,196.0,100.0,,,,,,,,,,,,
C:/projects/myproject/QDQM/DS_Input/Internal/지점코드.csv,지점코드.csv,OIO_ORG_NAM,Master,C:/projects/myproject/QDQM/DS_Input/Internal/조직_수입관리.csv,조직_수입관리.csv,Master,OIO_ORG_NAM,196.0,100.0,C:/projects/myproject/QDQM/DS_Input/Internal/사용자.csv,사용자.csv,Master,팀명,119.0,60.71,,,,,,
C:/projects/myproject/QDQM/DS_Input/Internal/지점코드.csv,지점코드.csv,OIO_ORG_NCD,Master,C:/projects/myproject/QDQM/DS_Input/Internal/조직_수입관리.csv,조직_수입관리.csv,Master,OIO_ORG_NCD,187.0,100.0,C:/projects/myproject/QDQM/DS_Input/Internal/사용자.csv,사용자.csv,Master,점소코드,172.0,91.98,C:/projects/myproject/QDQM/DS_Input/Test/Z사용자.csv,Z사용자.csv,Test,점소코드,151.0,80.75
C:/projects/myproject/QDQM/DS_Input/Internal/지점코드.csv,지점코드.csv,OIO_PIN_COD,Master,C:/projects/myproject/QDQM/DS_Input/Internal/조직_수입관리.csv,조직_수입관리.csv,Master,OIO_PIN_COD,128.0,100.0,,,,,,,,,,,,
C:/projects/myproject/QDQM/DS_Input/Internal/택배_고객.csv,택배_고객.csv,수입조직,Master,C:/projects/myproject/QDQM/DS_Input/Internal/사용자.csv,사용자.csv,Master,점소코드,95.0,97.94,C:/projects/myproject/QDQM/DS_Input/Internal/조직_수입관리.csv,조직_수입관리.csv,Master,OIO_ORG_NCD,91.0,93.81,C:/projects/myproject/QDQM/DS_Input/Internal/지점코드.csv,지점코드.csv,Master,OIO_ORG_NCD,91.0,93.81
C:/projects/myproject/QDQM/DS_Input/Internal/택배_고객.csv,택배_고객.csv,업종구분,Master,C:/projects/myproject/QDQM/DS_Input/Internal/상품분류.csv,상품분류.csv,Master,상품코드,22.0,75.86,C:/projects/myproject/QDQM/DS_Input/Internal/상품코드.csv,상품코드.csv,Master,상품코드,22.0,75.86,C:/projects/myproject/QDQM/DS_Input/Internal/미배송사유코드.csv,미배송사유코드.csv,Master,사유코드,21.0,72.41
C:/projects/myproject/QDQM/DS_Input/Internal/택배_고객.csv,택배_고객.csv,판매원사번,Master,C:/projects/myproject/QDQM/DS_Input/Internal/CUSTOMER.csv,CUSTOMER.csv,Master,판매원사번,483.0,77.03,C:/projects/myproject/QDQM/DS_Input/Internal/사용자.csv,사용자.csv,Master,사원번호,439.0,70.02,,,,,,
C:/projects/myproject/QDQM/DS_Input/Internal/택배_고객.csv,택배_고객.csv,판매점소,Master,C:/projects/myproject/QDQM/DS_Input/Internal/CUSTOMER.csv,CUSTOMER.csv,Master,판매점소,77.0,82.8,C:/projects/myproject/QDQM/DS_Input/Internal/기업고객.csv,기업고객.csv,Master,판매점소,77.0,82.8,C:/projects/myproject/QDQM/DS_Input/Internal/CONTRACT.csv,CONTRACT.csv,Master,CONTRACT_ORG_CD,76.0,81.72
C:/projects/myproject/QDQM/DS_Input/Internal/택배_조직도.csv,택배_조직도.csv,ERP코드,Master,C:/projects/myproject/QDQM/DS_Input/Internal/사용자.csv,사용자.csv,Master,HR시스템소속코드,45.0,95.74,C:/projects/myproject/QDQM/DS_Input/Internal/계약마스터.csv,계약마스터.csv,Master,팀코드,44.0,93.62,C:/projects/myproject/QDQM/DS_Input/Internal/관리회계_조직그룹상세.csv,관리회계_조직그룹상세.csv,Master,귀속부서조직코드,43.0,91.49
C:/projects/myproject/QDQM/DS_Input/Internal/택배_조직도.csv,택배_조직도.csv,X좌표,Master,C:/projects/myproject/QDQM/DS_Input/Internal/ORGNIZATION.csv,ORGNIZATION.csv,Master,X좌표,758.0,100.0,,,,,,,,,,,,
C:/projects/myproject/QDQM/DS_Input/Internal/택배_조직도.csv,택배_조직도.csv,Y좌표,Master,C:/projects/myproject/QDQM/DS_Input/Internal/ORGNIZATION.csv,ORGNIZATION.csv,Master,Y좌표,754.0,100.0,,,,,,,,,,,,
C:/projects/myproject/QDQM/DS_Input/Internal/택배_조직도.csv,택배_조직도.csv,사업자등록번호,Master,C:/projects/myproject/QDQM/DS_Input/Internal/ORGNIZATION.csv,ORGNIZATION.csv,Master,사업자등록번호,1444.0,100.0,C:/projects/myproject/QDQM/DS_Input/Internal/배송점.csv,배송점.csv,Master,사업자등록번호,1364.0,94.46,C:/projects/myproject/QDQM/DS_Input/Internal/PRM계약.csv,PRM계약.csv,Master,사업자번호,884.0,61.22
C:/projects/myproject/QDQM/DS_Input/Internal/택배_조직도.csv,택배_조직도.csv,상위조직코드,Master,C:/projects/myproject/QDQM/DS_Input/Internal/ORGNIZATION.csv,ORGNIZATION.csv,Master,상위조직코드,626.0,100.0,C:/projects/myproject/QDQM/DS_Input/Internal/ORGNIZATION.csv,ORGNIZATION.csv,Master,조직코드,615.0,98.24,C:/projects/myproject/QDQM/DS_Input/Internal/택배_조직도.csv,택배_조직도.csv,Master,조직코드,615.0,98.24
C:/projects/myproject/QDQM/DS_Input/Internal/택배_조직도.csv,택배_조직도.csv,수입신규조직코드,Master,C:/projects/myproject/QDQM/DS_Input/Internal/ORGNIZATION.csv,ORGNIZATION.csv,Master,수입신규조직코드,84.0,100.0,C:/projects/myproject/QDQM/DS_Input/Internal/사용자.csv,사용자.csv,Master,점소코드,81.0,96.43,C:/projects/myproject/QDQM/DS_Input/Internal/조직_수입관리.csv,조직_수입관리.csv,Master,OIO_ORG_NCD,80.0,95.24
C:/projects/myproject/QDQM/DS_Input/Internal/택배_조직도.csv,택배_조직도.csv,수입조직코드,Master,C:/projects/myproject/QDQM/DS_Input/Internal/ORGNIZATION.csv,ORGNIZATION.csv,Master,수입조직코드,84.0,100.0,C:/projects/myproject/QDQM/DS_Input/Internal/조직_수입관리.csv,조직_수입관리.csv,Master,OIO_ORG_COD,81.0,96.43,C:/projects/myproject/QDQM/DS_Input/Internal/지점코드.csv,지점코드.csv,Master,OIO_ORG_COD,81.0,96.43
C:/projects/myproject/QDQM/DS_Input/Internal/택배_조직도.csv,택배_조직도.csv,예약접수마감시분,Master,C:/projects/myproject/QDQM/DS_Input/Internal/ORGNIZATION.csv,ORGNIZATION.csv,Master,조직코드,15.0,100.0,C:/projects/myproject/QDQM/DS_Input/Internal/택배_조직도.csv,택배_조직도.csv,Master,조직코드,15.0,100.0,C:/projects/myproject/QDQM/DS_Input/Internal/계정코드관리.csv,계정코드관리.csv,Master,정렬순서,13.0,86.67
C:/projects/myproject/QDQM/DS_Input/Internal/택배_조직도.csv,택배_조직도.csv,우편번호,Master,C:/projects/myproject/QDQM/DS_Input/Internal/ORGNIZATION.csv,ORGNIZATION.csv,Master,우편번호,1547.0,100.0,C:/projects/myproject/QDQM/DS_Input/Internal/배송점.csv,배송점.csv,Master,우편번호,1341.0,86.68,,,,,,
C:/projects/myproject/QDQM/DS_Input/Internal/택배_조직도.csv,택배_조직도.csv,정렬순서,Master,C:/projects/myproject/QDQM/DS_Input/Internal/CUSTOMER.csv,CUSTOMER.csv,Master,집하지소번지,13.0,100.0,C:/projects/myproject/QDQM/DS_Input/Internal/미배송사유코드.csv,미배송사유코드.csv,Master,사유코드,13.0,100.0,C:/projects/myproject/QDQM/DS_Input/Internal/test.csv,test.csv,Master,ID,12.0,92.31
C:/projects/myproject/QDQM/DS_Input/Internal/택배_조직도.csv,택배_조직도.csv,조직계약시작일자,Master,C:/projects/myproject/QDQM/DS_Input/Internal/ORGNIZATION.csv,ORGNIZATION.csv,Master,조직계약시작일자,567.0,100.0,C:/projects/myproject/QDQM/DS_Input/Internal/사원마스터.csv,사원마스터.csv,Master,근무시작일자,442.0,77.95,C:/projects/myproject/QDQM/DS_Input/Internal/사원기본.csv,사원기본.csv,Master,시근일자,410.0,72.31
C:/projects/myproject/QDQM/DS_Input/Internal/택배_조직도.csv,택배_조직도.csv,조직계약종료일자,Master,C:/projects/myproject/QDQM/DS_Input/Internal/ORGNIZATION.csv,ORGNIZATION.csv,Master,조직계약종료일자,110.0,100.0,C:/projects/myproject/QDQM/DS_Input/Internal/배송점.csv,배송점.csv,Master,조직계약종료일자,101.0,91.82,C:/projects/myproject/QDQM/DS_Input/Internal/CUSTOMER.csv,CUSTOMER.csv,Master,계약기간종료일,93.0,84.55
C:/projects/myproject/QDQM/DS_Input/Internal/택배_조직도.csv,택배_조직도.csv,조직구분코드,Master,C:/projects/myproject/QDQM/DS_Input/Internal/ORGNIZATION.csv,ORGNIZATION.csv,Master,조직구분코드,15.0,100.0,,,,,,,,,,,,
C:/projects/myproject/QDQM/DS_Input/Internal/택배_조직도.csv,택배_조직도.csv,조직명,Master,C:/projects/myproject/QDQM/DS_Input/Internal/ORGNIZATION.csv,ORGNIZATION.csv,Master,조직명,3643.0,100.0,C:/projects/myproject/QDQM/DS_Input/Internal/배송점.csv,배송점.csv,Master,배송점명,2463.0,67.61,,,,,,
C:/projects/myproject/QDQM/DS_Input/Internal/택배_조직도.csv,택배_조직도.csv,조직코드,Master,C:/projects/myproject/QDQM/DS_Input/Internal/ORGNIZATION.csv,ORGNIZATION.csv,Master,조직코드,3836.0,100.0,,,,,,,,,,,,
C:/projects/myproject/QDQM/DS_Input/Internal/택배_조직도.csv,택배_조직도.csv,조직폐쇄일자,Master,C:/projects/myproject/QDQM/DS_Input/Internal/ORGNIZATION.csv,ORGNIZATION.csv,Master,조직폐쇄일자,201.0,100.0,C:/projects/myproject/QDQM/DS_Input/Internal/배송점.csv,배송점.csv,Master,조직폐쇄일자,165.0,82.09,C:/projects/myproject/QDQM/DS_Input/Internal/사원마스터.csv,사원마스터.csv,Master,근무시작일자,137.0,68.16
C:/projects/myproject/QDQM/DS_Input/Internal/택배_조직도.csv,택배_조직도.csv,최종변경사용자ID,Master,C:/projects/myproject/QDQM/DS_Input/Internal/ORGNIZATION.csv,ORGNIZATION.csv,Master,최종수정자,101.0,96.19,C:/projects/myproject/QDQM/DS_Input/Internal/택배_조직도.csv,택배_조직도.csv,Master,최종업데이트사원번호,101.0,96.19,C:/projects/myproject/QDQM/DS_Input/Internal/배송점.csv,배송점.csv,Master,최종수정자,77.0,73.33
C:/projects/myproject/QDQM/DS_Input/Internal/택배_조직도.csv,택배_조직도.csv,최종업데이트사원번호,Master,C:/projects/myproject/QDQM/DS_Input/Internal/ORGNIZATION.csv,ORGNIZATION.csv,Master,최종수정자,311.0,100.0,C:/projects/myproject/QDQM/DS_Input/Internal/배송점.csv,배송점.csv,Master,최종수정자,251.0,80.71,C:/projects/myproject/QDQM/DS_Input/Internal/사용자.csv,사용자.csv,Master,사원번호,235.0,75.56
C:/projects/myproject/QDQM/DS_Input/Internal/택배_조직도.csv,택배_조직도.csv,팩스번호,Master,C:/projects/myproject/QDQM/DS_Input/Internal/ORGNIZATION.csv,ORGNIZATION.csv,Master,팩스번호,680.0,100.0,C:/projects/myproject/QDQM/DS_Input/Internal/배송점.csv,배송점.csv,Master,팩스번호,518.0,76.18,,,,,,
C:/projects/myproject/QDQM/DS_Input/Test/Z검증용데이터.csv,Z검증용데이터.csv,Customer,Test,C:/projects/myproject/QDQM/DS_Input/Internal/CUSTOMER.csv,CUSTOMER.csv,Master,고객명,1406.0,76.58,C:/projects/myproject/QDQM/DS_Input/Internal/기업고객.csv,기업고객.csv,Master,기업고객명,1339.0,72.93,,,,,,
C:/projects/myproject/QDQM/DS_Input/Test/Z검증용데이터.csv,Z검증용데이터.csv,ID,Test,C:/projects/myproject/QDQM/DS_Input/Internal/CUSTOMER.csv,CUSTOMER.csv,Master,고객번호,1465.0,76.86,,,,,,,,,,,,
C:/projects/myproject/QDQM/DS_Input/Test/Z검증용데이터.csv,Z검증용데이터.csv,날짜포맷다양,Test,C:/projects/myproject/QDQM/DS_Input/Internal/CONTRACT.csv,CONTRACT.csv,Master,START_DATE,924.0,62.26,,,,,,,,,,,,
C:/projects/myproject/QDQM/DS_Input/Test/Z검증용데이터.csv,Z검증용데이터.csv,단가,Test,C:/projects/myproject/QDQM/DS_Input/Internal/계정코드관리.csv,계정코드관리.csv,Master,정렬순서,222.0,98.23,C:/projects/myproject/QDQM/DS_Input/Internal/관리회계_사업.csv,관리회계_사업.csv,Master,정렬순서,222.0,98.23,C:/projects/myproject/QDQM/DS_Input/Internal/관리회계_조직그룹상세.csv,관리회계_조직그룹상세.csv,Master,정렬순서,222.0,98.23
C:/projects/myproject/QDQM/DS_Input/Test/Z검증용데이터.csv,Z검증용데이터.csv,담당부서,Test,C:/projects/myproject/QDQM/DS_Input/Internal/CUSTOMER.csv,CUSTOMER.csv,Master,담당부서,197.0,87.17,C:/projects/myproject/QDQM/DS_Input/Internal/기업고객.csv,기업고객.csv,Master,담당부서,196.0,86.73,,,,,,
C:/projects/myproject/QDQM/DS_Input/Test/Z검증용데이터.csv,Z검증용데이터.csv,사업자,Test,C:/projects/myproject/QDQM/DS_Input/Internal/CUSTOMER.csv,CUSTOMER.csv,Master,주민_사업자등록번호,1334.0,74.82,C:/projects/myproject/QDQM/DS_Input/Internal/기업고객.csv,기업고객.csv,Master,기업사업자등록번호,1270.0,71.23,,,,,,
C:/projects/myproject/QDQM/DS_Input/Test/Z검증용데이터.csv,Z검증용데이터.csv,수량,Test,C:/projects/myproject/QDQM/DS_Input/Internal/CUSTOMER.csv,CUSTOMER.csv,Master,집하지대번지,89.0,91.75,C:/projects/myproject/QDQM/DS_Input/Internal/CUSTOMER.csv,CUSTOMER.csv,Master,집하지소번지,78.0,80.41,,,,,,
C:/projects/myproject/QDQM/DS_Input/Test/Z검증용데이터.csv,Z검증용데이터.csv,우편번호,Test,C:/projects/myproject/QDQM/DS_Input/Internal/CUSTOMER.csv,CUSTOMER.csv,Master,우편번호,936.0,100.0,C:/projects/myproject/QDQM/DS_Input/Internal/기업고객.csv,기업고객.csv,Master,기업우편번호,885.0,94.55,C:/projects/myproject/QDQM/DS_Input/Internal/CUSTOMER.csv,CUSTOMER.csv,Master,청구지우편번호,839.0,89.64
C:/projects/myproject/QDQM/DS_Input/Test/Z검증용데이터.csv,Z검증용데이터.csv,판매원사번,Test,C:/projects/myproject/QDQM/DS_Input/Internal/CUSTOMER.csv,CUSTOMER.csv,Master,판매원사번,484.0,98.98,C:/projects/myproject/QDQM/DS_Input/Internal/기업고객.csv,기업고객.csv,Master,판매원사번,326.0,66.67,C:/projects/myproject/QDQM/DS_Input/Internal/CONTRACT.csv,CONTRACT.csv,Master,SALES_EMP,296.0,60.53
C:/projects/myproject/QDQM/DS_Input/Test/Z검증용데이터.csv,Z검증용데이터.csv,판매점소,Test,C:/projects/myproject/QDQM/DS_Input/Internal/CUSTOMER.csv,CUSTOMER.csv,Master,판매점소,75.0,97.4,C:/projects/myproject/QDQM/DS_Input/Internal/CONTRACT.csv,CONTRACT.csv,Master,CONTRACT_ORG_CD,73.0,94.81,C:/projects/myproject/QDQM/DS_Input/Internal/기업고객.csv,기업고객.csv,Master,판매점소,72.0,93.51
C:/projects/myproject/QDQM/DS_Input/Test/Z사용자.csv,Z사용자.csv,EMAIL,Test,C:/projects/myproject/QDQM/DS_Input/Internal/사용자.csv,사용자.csv,Master,EMAIL,1994.0,100.0,,,,,,,,,,,,
C:/projects/myproject/QDQM/DS_Input/Test/Z사용자.csv,Z사용자.csv,등록일자,Test,C:/projects/myproject/QDQM/DS_Input/Internal/사용자.csv,사용자.csv,Master,등록일자,642.0,100.0,C:/projects/myproject/QDQM/DS_Input/Internal/사원마스터.csv,사원마스터.csv,Master,근무시작일자,426.0,66.36,C:/projects/myproject/QDQM/DS_Input/Internal/사원기본.csv,사원기본.csv,Master,시근일자,410.0,63.86
C:/projects/myproject/QDQM/DS_Input/Test/Z사용자.csv,Z사용자.csv,사원번호,Test,C:/projects/myproject/QDQM/DS_Input/Internal/사용자.csv,사용자.csv,Master,사원번호,2361.0,100.0,,,,,,,,,,,,
C:/projects/myproject/QDQM/DS_Input/Test/Z사용자.csv,Z사용자.csv,점소코드,Test,C:/projects/myproject/QDQM/DS_Input/Internal/사용자.csv,사용자.csv,Master,점소코드,229.0,100.0,C:/projects/myproject/QDQM/DS_Input/Internal/조직_수입관리.csv,조직_수입관리.csv,Master,OIO_ORG_NCD,151.0,65.94,C:/projects/myproject/QDQM/DS_Input/Internal/지점코드.csv,지점코드.csv,Master,OIO_ORG_NCD,151.0,65.94
C:/projects/myproject/QDQM/DS_Input/Test/Z사용자.csv,Z사용자.csv,직급,Test,C:/projects/myproject/QDQM/DS_Input/Internal/사용자.csv,사용자.csv,Master,직급,119.0,100.0,,,,,,,,,,,,
C:/projects/myproject/QDQM/DS_Input/Test/Z사용자.csv,Z사용자.csv,팀명,Test,C:/projects/myproject/QDQM/DS_Input/Internal/사용자.csv,사용자.csv,Master,팀명,534.0,100.0,,,,,,,,,,,,
C:/projects/myproject/QDQM/DS_Input/Test/Z코드변동성예제.csv,Z코드변동성예제.csv,코드,Test,C:/projects/myproject/QDQM/DS_Input/Internal/Z코드변동성예제.csv,Z코드변동성예제.csv,Master,코드,202.0,100.0,,,,,,,,,,,,
