FilePath,FileName,ColumnName,MasterType,MasterFilePath,MasterFile,ReferenceMasterType,MasterColumn,FormatTop10,FormatTopRate,MasterFormatTop10,MasterFormatTopRate,CompareLength,CompareCount,SourceCount,MatchRate(%)
C:/projects/myproject/QDQM/DS_Input/Internal/CONTRACT.csv,CONTRACT.csv,CUST_NO,Master,C:/projects/myproject/QDQM/DS_Input/Reference/사업자등록번호3.csv,사업자등록번호3.csv,Reference,유효사업자번호3,"[""nnnnnnnnnn"", ""nnnnnn"", ""nnnnn"", ""nnnn""]","[99.78, 0.14, 0.07, 0.01]","[""nnnnnnnnnn""]",[100.0],3,16,18,88.89
C:/projects/myproject/QDQM/DS_Input/Internal/CONTRACT.csv,CONTRACT.csv,RETURN_ZIP,Master,C:/projects/myproject/QDQM/DS_Input/Reference/우편번호3.csv,우편번호3.csv,Reference,우편번호3,"[""nnn-nnn"", ""nnnnn"", ""nnnn""]","[81.69, 14.82, 3.49]","[""nnnnn""]",[100.0],3,334,512,65.23
C:/projects/myproject/QDQM/DS_Input/Internal/CONTRACT.csv,CONTRACT.csv,ZIP,Master,C:/projects/myproject/QDQM/DS_Input/Reference/우편번호3.csv,우편번호3.csv,Reference,우편번호3,"[""nnnnnn"", ""nnnnn"", ""nnnn""]","[81.51, 14.99, 3.5]","[""nnnnn""]",[100.0],3,332,509,65.23
C:/projects/myproject/QDQM/DS_Input/Internal/CUSTOMER.csv,CUSTOMER.csv,우편번호,Master,C:/projects/myproject/QDQM/DS_Input/Reference/우편번호3.csv,우편번호3.csv,Reference,우편번호3,"[""nnnnnn"", ""nnnnn"", ""nnn-n""]","[83.37, 16.62, 0.01]","[""nnnnn""]",[100.0],3,336,448,75.0
C:/projects/myproject/QDQM/DS_Input/Internal/CUSTOMER.csv,CUSTOMER.csv,주민_사업자등록번호,Master,C:/projects/myproject/QDQM/DS_Input/Reference/사업자등록번호3.csv,사업자등록번호3.csv,Reference,유효사업자번호3,"[""nnnnnnnnnn"", ""nnnnnnnnn"", ""nnnnnnnn""]","[99.97, 0.01, 0.01]","[""nnnnnnnnnn""]",[100.0],3,558,724,77.07
C:/projects/myproject/QDQM/DS_Input/Internal/CUSTOMER.csv,CUSTOMER.csv,집하지우편번호,Master,C:/projects/myproject/QDQM/DS_Input/Reference/우편번호3.csv,우편번호3.csv,Reference,우편번호3,"[""nnnnnn"", ""nnnnn"", ""nnnn""]","[81.12, 18.86, 0.01]","[""nnnnn""]",[100.0],3,379,490,77.35
C:/projects/myproject/QDQM/DS_Input/Internal/CUSTOMER.csv,CUSTOMER.csv,청구지우편번호,Master,C:/projects/myproject/QDQM/DS_Input/Reference/우편번호3.csv,우편번호3.csv,Reference,우편번호3,"[""nnnnnn"", ""nnnnn""]","[84.16, 15.84]","[""nnnnn""]",[100.0],3,358,469,76.33
C:/projects/myproject/QDQM/DS_Input/Internal/ORGNIZATION.csv,ORGNIZATION.csv,사업자등록번호,Master,C:/projects/myproject/QDQM/DS_Input/Reference/사업자등록번호3.csv,사업자등록번호3.csv,Reference,유효사업자번호3,"[""nnnnnnnnnn""]",[100.0],"[""nnnnnnnnnn""]",[100.0],3,396,491,80.65
C:/projects/myproject/QDQM/DS_Input/Internal/ORGNIZATION.csv,ORGNIZATION.csv,우편번호,Master,C:/projects/myproject/QDQM/DS_Input/Reference/우편번호3.csv,우편번호3.csv,Reference,우편번호3,"[""nnnnnn"", ""nnnnn""]","[56.54, 43.46]","[""nnnnn""]",[100.0],3,345,441,78.23
C:/projects/myproject/QDQM/DS_Input/Internal/PII샘플데이터.csv,PII샘플데이터.csv,나이,Master,C:/projects/myproject/QDQM/DS_Input/Reference/전화국가번호.csv,전화국가번호.csv,Reference,전화국가번호,"[""nn""]",[100.0],"[""nnn"", ""nn"", ""sn nnn"", ""snnn n"", ""snn nnnn"", ""snnn nn"", ""n"", ""snnnn"", ""snn nn"", ""snn nnn""]","[66.39, 18.03, 9.84, 1.64, 1.23, 0.82, 0.82, 0.41, 0.41, 0.41]",0,11,17,64.71
C:/projects/myproject/QDQM/DS_Input/Internal/PII샘플데이터.csv,PII샘플데이터.csv,지역,Master,C:/projects/myproject/QDQM/DS_Input/Reference/시도명.csv,시도명.csv,Reference,시도명,"[""KK""]",[100.0],"[""KK"", ""KKK"", ""KKKKK"", ""KKKK"", ""KKKKKKK""]","[33.33, 31.25, 14.58, 12.5, 8.33]",0,14,15,93.33
C:/projects/myproject/QDQM/DS_Input/Internal/PRM계약.csv,PRM계약.csv,사업자번호,Master,C:/projects/myproject/QDQM/DS_Input/Reference/사업자등록번호3.csv,사업자등록번호3.csv,Reference,유효사업자번호3,"[""nnnnnnnnnn""]",[100.0],"[""nnnnnnnnnn""]",[100.0],3,426,532,80.08
C:/projects/myproject/QDQM/DS_Input/Internal/PRM계약.csv,PRM계약.csv,업종,Master,C:/projects/myproject/QDQM/DS_Input/Reference/업종명2.csv,업종명2.csv,Reference,업종명2,"[""KKK"", ""KK"", ""KKKK"", ""KKKKKK"", ""KKKKK"", ""KKKKKKKK"", ""KKKKKKK"", ""KKKKKKKKK"", ""KKKKKKKKK K"", ""KKKKKK K""]","[23.74, 21.12, 19.97, 5.18, 3.87, 2.8, 2.54, 2.43, 1.83, 1.59]","[""KK"", ""KKK"", ""KKKK"", ""KKKKK"", ""KKKKKK"", ""KKsKK"", ""KKsKKK"", ""KsKK"", ""KKKs"", ""KKK(KKK""]","[42.27, 29.51, 21.97, 3.29, 0.77, 0.32, 0.26, 0.26, 0.19, 0.19]",2,58,92,63.04
C:/projects/myproject/QDQM/DS_Input/Internal/test.csv,test.csv,시도,Master,C:/projects/myproject/QDQM/DS_Input/Reference/시도명.csv,시도명.csv,Reference,시도명,"[""KK"", ""KKKK"", ""KKK"", ""KKKKK""]","[40.62, 34.38, 12.5, 12.5]","[""KK"", ""KKK"", ""KKKKK"", ""KKKK"", ""KKKKKKK""]","[33.33, 31.25, 14.58, 12.5, 8.33]",0,21,22,95.45
C:/projects/myproject/QDQM/DS_Input/Internal/university_code_2.csv,university_code_2.csv,시도,Master,C:/projects/myproject/QDQM/DS_Input/Reference/시도명.csv,시도명.csv,Reference,시도명,"[""KK""]",[100.0],"[""KK"", ""KKK"", ""KKKKK"", ""KKKK"", ""KKKKKKK""]","[33.33, 31.25, 14.58, 12.5, 8.33]",0,16,17,94.12
C:/projects/myproject/QDQM/DS_Input/Internal/university_code_2.csv,university_code_2.csv,우편번호,Master,C:/projects/myproject/QDQM/DS_Input/Reference/우편번호3.csv,우편번호3.csv,Reference,우편번호3,"[""nnnnn"", ""nnnnnn""]","[55.99, 44.01]","[""nnnnn""]",[100.0],3,313,384,81.51
C:/projects/myproject/QDQM/DS_Input/Internal/university_code_2.csv,university_code_2.csv,학제,Master,C:/projects/myproject/QDQM/DS_Input/Reference/업종명2.csv,업종명2.csv,Reference,업종명2,"[""KKKKK"", ""KKKK"", ""KKK"", ""KKKK(KK)"", ""KKKKK(KK)"", ""KKKKKKK""]","[74.68, 12.79, 10.94, 0.92, 0.63, 0.04]","[""KK"", ""KKK"", ""KKKK"", ""KKKKK"", ""KKKKKK"", ""KKsKK"", ""KKsKKK"", ""KsKK"", ""KKKs"", ""KKK(KKK""]","[42.27, 29.51, 21.97, 3.29, 0.77, 0.32, 0.26, 0.26, 0.19, 0.19]",2,9,14,64.29
C:/projects/myproject/QDQM/DS_Input/Internal/계약마스터.csv,계약마스터.csv,물량단위,Master,C:/projects/myproject/QDQM/DS_Input/Reference/단위대문자.csv,단위대문자.csv,Reference,단위_대문자,"[""AAA"", ""K"", ""a"", ""Aaaaaa""]","[98.44, 1.24, 0.25, 0.07]","[""AA"", ""AAA"", ""AAAA"", ""AAAAA"", ""AAAAAA"", ""A"", ""AA-A"", ""AAAAAAA"", ""AAn"", ""AA.A""]","[23.85, 17.31, 12.31, 7.69, 4.23, 3.85, 2.69, 2.31, 1.92, 1.54]",0,10,11,90.91
C:/projects/myproject/QDQM/DS_Input/Internal/계약마스터.csv,계약마스터.csv,사업자번호,Master,C:/projects/myproject/QDQM/DS_Input/Reference/사업자등록번호3.csv,사업자등록번호3.csv,Reference,유효사업자번호3,"[""nnnnnnnnnn""]",[100.0],"[""nnnnnnnnnn""]",[100.0],3,612,794,77.08
C:/projects/myproject/QDQM/DS_Input/Internal/계정과목코드.csv,계정과목코드.csv,계정과목명,Master,C:/projects/myproject/QDQM/DS_Input/Reference/계정과목.csv,계정과목.csv,Reference,계정과목,"[""KKKKK"", ""KKKKKKK"", ""KKK"", ""KKKK"", ""KKKKKK"", ""KKKKKKKK"", ""KKKKKKKKKK"", ""KKKKKKKKK"", ""KK"", ""KKKKK KKK""]","[21.95, 10.24, 9.76, 9.02, 8.78, 6.59, 6.34, 5.37, 1.71, 1.22]","[""KKKKK"", ""KKKK"", ""KKK"", ""KKKKKK"", ""KKKKKKK"", ""KKKKKKKK"", ""KKKKKKKKKK"", ""KKKKKKKKK"", ""KK"", ""KKKK(KK)""]","[20.81, 12.52, 11.31, 11.01, 9.5, 7.69, 5.13, 5.13, 3.77, 1.81]",0,337,392,85.97
C:/projects/myproject/QDQM/DS_Input/Internal/계정코드관리.csv,계정코드관리.csv,계정과목명,Master,C:/projects/myproject/QDQM/DS_Input/Reference/계정과목.csv,계정과목.csv,Reference,계정과목,"[""KKKKK"", ""KKK"", ""KKKK"", ""KKKKKKKKK"", ""KKKKKK"", ""KKKKKKK"", ""KK"", ""KKKKKKKKKK"", ""KKKKKsKK""]","[41.21, 16.67, 15.45, 13.64, 7.27, 3.94, 0.91, 0.61, 0.3]","[""KKKKK"", ""KKKK"", ""KKK"", ""KKKKKK"", ""KKKKKKK"", ""KKKKKKKK"", ""KKKKKKKKKK"", ""KKKKKKKKK"", ""KK"", ""KKKK(KK)""]","[20.81, 12.52, 11.31, 11.01, 9.5, 7.69, 5.13, 5.13, 3.77, 1.81]",0,55,55,100.0
C:/projects/myproject/QDQM/DS_Input/Internal/계정코드관리.csv,계정코드관리.csv,하위계정과목명,Master,C:/projects/myproject/QDQM/DS_Input/Reference/계정과목.csv,계정과목.csv,Reference,계정과목,"[""KKKKK"", ""KKKKKKK"", ""KKKKKK"", ""KKKKKKKK"", ""KKK"", ""KKKKKKKKKK"", ""KKKK"", ""KKKKKKKKK"", ""KKKKK KKK"", ""KKKK KKK""]","[19.09, 10.91, 10.0, 8.18, 8.18, 7.58, 5.76, 4.85, 1.52, 1.52]","[""KKKKK"", ""KKKK"", ""KKK"", ""KKKKKK"", ""KKKKKKK"", ""KKKKKKKK"", ""KKKKKKKKKK"", ""KKKKKKKKK"", ""KK"", ""KKKK(KK)""]","[20.81, 12.52, 11.31, 11.01, 9.5, 7.69, 5.13, 5.13, 3.77, 1.81]",0,290,330,87.88
C:/projects/myproject/QDQM/DS_Input/Internal/고객마스터.csv,고객마스터.csv,고객번호,Master,C:/projects/myproject/QDQM/DS_Input/Reference/사업자등록번호3.csv,사업자등록번호3.csv,Reference,유효사업자번호3,"[""nnnnnnnnnn""]",[100.0],"[""nnnnnnnnnn""]",[100.0],3,2,2,100.0
C:/projects/myproject/QDQM/DS_Input/Internal/고객마스터.csv,고객마스터.csv,우편번호,Master,C:/projects/myproject/QDQM/DS_Input/Reference/우편번호3.csv,우편번호3.csv,Reference,우편번호3,"[""nnnnn"", ""nnnnnn""]","[69.69, 30.31]","[""nnnnn""]",[100.0],3,291,342,85.09
C:/projects/myproject/QDQM/DS_Input/Internal/관리회계_고객.csv,관리회계_고객.csv,법인번호,Master,C:/projects/myproject/QDQM/DS_Input/Reference/법인번호7.csv,법인번호7.csv,Reference,법인번호7,"[""nnnnnnnnnnnnn"", ""nnnnnnsssssss"", ""nnnnnnnnnnnnnn""]","[99.92, 0.04, 0.04]","[""nnnnnnnnnnnnn""]",[100.0],7,228,283,80.57
C:/projects/myproject/QDQM/DS_Input/Internal/관리회계_고객.csv,관리회계_고객.csv,사업자등록번호,Master,C:/projects/myproject/QDQM/DS_Input/Reference/사업자등록번호3.csv,사업자등록번호3.csv,Reference,유효사업자번호3,"[""nnnnnnnnnn"", ""nnn-nn-nnnnn"", ""nnn"", ""nnnnnn-nnnnnnn"", ""n.nnnnnAsnn"", ""nnnnnnnnn"", ""nnnnnnnnnnnnnnnnnn"", ""AAnnnnnnnnnn"", ""nnnnnnA"", ""nnnnnn""]","[99.78, 0.07, 0.03, 0.03, 0.03, 0.02, 0.01, 0.01, 0.01, 0.01]","[""nnnnnnnnnn""]",[100.0],3,614,806,76.18
C:/projects/myproject/QDQM/DS_Input/Internal/관리회계계정.csv,관리회계계정.csv,계정명,Master,C:/projects/myproject/QDQM/DS_Input/Reference/계정과목.csv,계정과목.csv,Reference,계정과목,"[""KKKKK"", ""KKKKKKK"", ""KKK"", ""KKKK"", ""KKKKKK"", ""KKKKKKKK"", ""KKKKKKKKKK"", ""KKKKKKKKK"", ""KK"", ""KKKKK KKK""]","[21.95, 10.24, 9.76, 9.02, 8.78, 6.59, 6.34, 5.37, 1.71, 1.22]","[""KKKKK"", ""KKKK"", ""KKK"", ""KKKKKK"", ""KKKKKKK"", ""KKKKKKKK"", ""KKKKKKKKKK"", ""KKKKKKKKK"", ""KK"", ""KKKK(KK)""]","[20.81, 12.52, 11.31, 11.01, 9.5, 7.69, 5.13, 5.13, 3.77, 1.81]",0,337,392,85.97
C:/projects/myproject/QDQM/DS_Input/Internal/기업고객.csv,기업고객.csv,기업사업자등록번호,Master,C:/projects/myproject/QDQM/DS_Input/Reference/사업자등록번호3.csv,사업자등록번호3.csv,Reference,유효사업자번호3,"[""nnnnnnnnnn"", ""nnnnnnnnn"", ""nnnnnnnn""]","[99.97, 0.01, 0.01]","[""nnnnnnnnnn""]",[100.0],3,544,703,77.38
C:/projects/myproject/QDQM/DS_Input/Internal/기업고객.csv,기업고객.csv,집하지우편번호,Master,C:/projects/myproject/QDQM/DS_Input/Reference/우편번호3.csv,우편번호3.csv,Reference,우편번호3,"[""nnnnnn"", ""nnnnn"", ""nnnn""]","[84.62, 12.7, 2.67]","[""nnnnn""]",[100.0],3,322,485,66.39
C:/projects/myproject/QDQM/DS_Input/Internal/배송점.csv,배송점.csv,사업자등록번호,Master,C:/projects/myproject/QDQM/DS_Input/Reference/사업자등록번호3.csv,사업자등록번호3.csv,Reference,유효사업자번호3,"[""nnnnnnnnnn""]",[100.0],"[""nnnnnnnnnn""]",[100.0],3,387,481,80.46
C:/projects/myproject/QDQM/DS_Input/Internal/배송점.csv,배송점.csv,우편번호,Master,C:/projects/myproject/QDQM/DS_Input/Reference/우편번호3.csv,우편번호3.csv,Reference,우편번호3,"[""nnnnnn"", ""nnnnn""]","[60.82, 39.18]","[""nnnnn""]",[100.0],3,336,426,78.87
C:/projects/myproject/QDQM/DS_Input/Internal/법인정보.csv,법인정보.csv,법인번호,Master,C:/projects/myproject/QDQM/DS_Input/Reference/법인번호7.csv,법인번호7.csv,Reference,법인번호7,"[""nnnnnnnnnnnnn"", ""nnnnnnsssssss"", ""Annnnnnnnnnnn"", ""       ""]","[99.95, 0.03, 0.01, 0.01]","[""nnnnnnnnnnnnn""]",[100.0],7,462,612,75.49
C:/projects/myproject/QDQM/DS_Input/Internal/선박.csv,선박.csv,선사코드,Master,C:/projects/myproject/QDQM/DS_Input/Reference/선사코드.csv,선사코드.csv,Reference,선사코드,"[""AAAnnnn"", ""nAAAnnnn"", ""AAnnnn"", ""AAA AAAAA"", ""AAAAAA""]","[99.89, 0.04, 0.04, 0.02, 0.02]","[""AAAnnnn"", ""nAAAnnnn"", ""AAA AAAAA"", ""AAnnnn"", ""AA-A-nnnn"", ""AAAAAA"", ""AAAnnnnn""]","[99.32, 0.19, 0.1, 0.1, 0.1, 0.1, 0.1]",0,844,844,100.0
C:/projects/myproject/QDQM/DS_Input/Internal/선석.csv,선석.csv,항구코드,Master,C:/projects/myproject/QDQM/DS_Input/Reference/Airport_IATA.csv,Airport_IATA.csv,Reference,Airport_IATA,"[""AAA""]",[100.0],"[""AAA""]",[100.0],0,10,10,100.0
C:/projects/myproject/QDQM/DS_Input/Internal/영업소.csv,영업소.csv,사업자등록번호,Master,C:/projects/myproject/QDQM/DS_Input/Reference/사업자등록번호3.csv,사업자등록번호3.csv,Reference,유효사업자번호3,"[""nnnnnnnnnn""]",[100.0],"[""nnnnnnnnnn""]",[100.0],3,51,58,87.93
C:/projects/myproject/QDQM/DS_Input/Internal/영업소.csv,영업소.csv,우편번호,Master,C:/projects/myproject/QDQM/DS_Input/Reference/우편번호구3.csv,우편번호구3.csv,Reference,우편번호구3,"[""nnnnnn""]",[100.0],"[""nnnnnn"", ""nnn-nnn""]","[50.0, 50.0]",3,54,55,98.18
C:/projects/myproject/QDQM/DS_Input/Internal/조직터미널마스터.csv,조직터미널마스터.csv,터미널영문코드,Master,C:/projects/myproject/QDQM/DS_Input/Reference/Airline_IATA.csv,Airline_IATA.csv,Reference,Airline_IATA,"[""AA""]",[100.0],"[""AA"", ""An"", ""nA""]","[58.44, 20.87, 20.69]",0,258,264,97.73
C:/projects/myproject/QDQM/DS_Input/Internal/택배_고객.csv,택배_고객.csv,고객 청구지우편번호,Master,C:/projects/myproject/QDQM/DS_Input/Reference/우편번호구3.csv,우편번호구3.csv,Reference,우편번호구3,"[""nnnnnn"", ""nnnnn"", ""nnn""]","[98.25, 1.74, 0.01]","[""nnnnnn"", ""nnn-nnn""]","[50.0, 50.0]",3,248,312,79.49
C:/projects/myproject/QDQM/DS_Input/Internal/택배_고객.csv,택배_고객.csv,사업자등록우편번호,Master,C:/projects/myproject/QDQM/DS_Input/Reference/우편번호구3.csv,우편번호구3.csv,Reference,우편번호구3,"[""nnnnnn"", ""nnnnn""]","[97.38, 2.62]","[""nnnnnn"", ""nnn-nnn""]","[50.0, 50.0]",3,252,340,74.12
C:/projects/myproject/QDQM/DS_Input/Internal/택배_고객.csv,택배_고객.csv,주민_사업자등록번호,Master,C:/projects/myproject/QDQM/DS_Input/Reference/사업자등록번호3.csv,사업자등록번호3.csv,Reference,유효사업자번호3,"[""nnnnnnnnnn"", ""nnnnn-nnnn""]","[99.99, 0.01]","[""nnnnnnnnnn""]",[100.0],3,220,251,87.65
C:/projects/myproject/QDQM/DS_Input/Internal/택배_고객.csv,택배_고객.csv,집하지우편번호,Master,C:/projects/myproject/QDQM/DS_Input/Reference/우편번호구3.csv,우편번호구3.csv,Reference,우편번호구3,"[""nnnnnn"", ""nnnnn""]","[99.01, 0.99]","[""nnnnnn"", ""nnn-nnn""]","[50.0, 50.0]",3,252,310,81.29
C:/projects/myproject/QDQM/DS_Input/Internal/택배_조직도.csv,택배_조직도.csv,사업자등록번호,Master,C:/projects/myproject/QDQM/DS_Input/Reference/사업자등록번호3.csv,사업자등록번호3.csv,Reference,유효사업자번호3,"[""nnnnnnnnnn""]",[100.0],"[""nnnnnnnnnn""]",[100.0],3,396,491,80.65
C:/projects/myproject/QDQM/DS_Input/Internal/택배_조직도.csv,택배_조직도.csv,우편번호,Master,C:/projects/myproject/QDQM/DS_Input/Reference/우편번호3.csv,우편번호3.csv,Reference,우편번호3,"[""nnnnnn"", ""nnnnn""]","[56.54, 43.46]","[""nnnnn""]",[100.0],3,345,441,78.23
C:/projects/myproject/QDQM/DS_Input/Test/Z검증용데이터.csv,Z검증용데이터.csv,사업자,Test,C:/projects/myproject/QDQM/DS_Input/Reference/사업자등록번호3.csv,사업자등록번호3.csv,Reference,유효사업자번호3,"[""nnnnnnnnnn"", ""nnnn-nn-nn""]","[96.33, 3.67]","[""nnnnnnnnnn""]",[100.0],3,420,523,80.31
C:/projects/myproject/QDQM/DS_Input/Test/Z검증용데이터.csv,Z검증용데이터.csv,우편번호,Test,C:/projects/myproject/QDQM/DS_Input/Reference/우편번호3.csv,우편번호3.csv,Reference,우편번호3,"[""nnnnnn"", ""nnnnn"", ""nnn-n""]","[82.7, 17.22, 0.07]","[""nnnnn""]",[100.0],3,203,287,70.73
C:/projects/myproject/QDQM/DS_Input/Test/Z검증용데이터.csv,Z검증용데이터.csv,우편번호,Test,C:/projects/myproject/QDQM/DS_Input/Reference/우편번호구3.csv,우편번호구3.csv,Reference,우편번호구3,"[""nnnnnn"", ""nnnnn"", ""nnn-n""]","[82.7, 17.22, 0.07]","[""nnnnnn"", ""nnn-nnn""]","[50.0, 50.0]",3,200,287,69.69
C:/projects/myproject/QDQM/DS_Input/Test/Z검증용데이터.csv,Z검증용데이터.csv,집하지우편번호,Test,C:/projects/myproject/QDQM/DS_Input/Reference/우편번호3.csv,우편번호3.csv,Reference,우편번호3,"[""nnnnnn"", ""nnnnn"", ""nnnn""]","[60.2, 31.98, 7.82]","[""nnnnn""]",[100.0],3,293,432,67.82
