FileName,ColumnName,Quality Grade,Quality Score,Value Issue,Value Score,Format Issue,Format Score,Length Issue,Length Score,Character Issue,Character Score,Format Length Issue,Format Length Score
CONTRACT.csv,CONTRACT_NO,D (심각),1,코드 후보. 한글 문자가 있습니다.,15,"데이터 포맷은 7 종류인데 2 개가 98.37% 차지하며 
1.63%는 검사가 필요합니다.",20,"데이터 길이는 6 종류인데 2 개가 98.38% 차지하며 
1.62%는 검사가 필요합니다.",20,한글 미완성 문자 (1건),10,데이터 길이는 6 종류인데 데이터 포맷은 7 종류가 있습니다.,1
CONTRACT.csv,CUSTOMER,B (점검),3, Null (0.17%)이 있습니다.,5,,0,,0,"비표준 유니코드 (8건),  한자 (1건) 문자가 있습니다.",10,,0
CONTRACT.csv,CUST_NO,C (위험),2, Null (0.81%)이 있습니다.,5,"데이터 포맷은 4 종류인데 1 개가 99.78% 차지하며 
0.22%는 검사가 필요합니다.",20,"데이터 길이는 4 종류인데 1 개가 99.78% 차지하며 
0.22%는 검사가 필요합니다.",20,,0,,0
CONTRACT.csv,CONTRACT_DATE,A (양호),4, Null (0.17%)이 있습니다.,5,,0,,0,,0,,0
CONTRACT.csv,CONTRACT_ORG_CD,C (위험),2, Null (9.59%)이 있습니다.,5,"데이터 포맷은 4 종류인데 2 개가 97.57% 차지하며 
2.43%는 검사가 필요합니다.",20,"데이터 길이는 4 종류인데 2 개가 97.57% 차지하며 
2.43%는 검사가 필요합니다.",20,,0,,0
CONTRACT.csv,SALES_EMP,C (위험),2, Null (1.25%)이 있습니다.,5,"데이터 포맷은 4 종류인데 3 개가 99.96% 차지하며 
0.04%는 검사가 필요합니다.",20,,0,,0,데이터 길이는 3 종류인데 데이터 포맷은 4 종류가 있습니다.,1
CONTRACT.csv,ZIP,C (위험),2, Null (1.81%)이 있습니다.,5,"데이터 포맷은 3 종류인데 2 개가 96.5% 차지하며 
3.5%는 검사가 필요합니다.",20,"데이터 길이는 3 종류인데 2 개가 96.5% 차지하며 
3.5%는 검사가 필요합니다.",20,,0,,0
CONTRACT.csv,ADDR,C (위험),2, Null (43.64%)이 있습니다.,5,,0,,0,한글 미완성 문자 (2건) 와 비표준 유니코드 (1건),20,,0
CONTRACT.csv,RETURN_ZIP,C (위험),2, Null (1.99%)이 있습니다.,5,"데이터 포맷은 3 종류인데 2 개가 96.51% 차지하며 
3.49%는 검사가 필요합니다.",20,"데이터 길이는 3 종류인데 2 개가 96.51% 차지하며 
3.49%는 검사가 필요합니다.",20,,0,,0
CONTRACT.csv,RETURN_ADDR,C (위험),2, Null (46.17%)이 있습니다.,5,,0,,0,한글 미완성 문자 (2건) 와 비표준 유니코드 (1건),20,,0
CONTRACT.csv,START_DATE,S (최상),5,,0,,0,,0,,0,,0
CONTRACT.csv,END_DATE,S (최상),5,,0,,0,,0,,0,,0
CONTRACT.csv,ORG_CODE,C (위험),2, Null (1.81%)이 있습니다.,5,"데이터 포맷은 5 종류인데 1 개가 97.26% 차지하며 
2.74%는 검사가 필요합니다.",20,"데이터 길이는 4 종류인데 1 개가 97.26% 차지하며 
2.74%는 검사가 필요합니다.",20,,0,데이터 길이는 4 종류인데 데이터 포맷은 5 종류가 있습니다.,1
CONTRACT.csv,EMP_NO,C (위험),2, Null (88.06%)이 있습니다.,5,"데이터 포맷은 3 종류인데 1 개가 96.62% 차지하며 
3.38%는 검사가 필요합니다.",20,"데이터 길이는 3 종류인데 1 개가 96.62% 차지하며 
3.38%는 검사가 필요합니다.",20,,0,,0
CONTRACT.csv,REQUEST_ORG,C (위험),2, Null (1.07%)이 있습니다.,5,"데이터 포맷은 4 종류인데 1 개가 98.79% 차지하며 
1.21%는 검사가 필요합니다.",20,"데이터 길이는 2 종류인데 1 개가 99.99% 차지하며 
0.01%는 검사가 필요합니다.",20,,0,데이터 길이는 2 종류인데 데이터 포맷은 4 종류가 있습니다.,1
CONTRACT.csv,CORRECT_ORG,C (위험),2, Null (1.07%)이 있습니다.,5,"데이터 포맷은 3 종류인데 1 개가 97.72% 차지하며 
2.28%는 검사가 필요합니다.",20,,0,,0,데이터 길이는 1 종류인데 데이터 포맷은 3 종류가 있습니다.,1
CONTRACT.csv,COST_ORG,A (양호),4, Null (1.08%)이 있습니다.,5,,0,,0,,0,,0
CONTRACT.csv,PAY_TYPE,A (양호),4, Null (1.08%)이 있습니다.,5,,0,,0,,0,,0
CONTRACT.csv,PRICE,C (위험),2, Null (3.75%)이 있습니다.,5,"데이터 포맷은 5 종류인데 2 개가 98.82% 차지하며 
1.18%는 검사가 필요합니다.",20,"데이터 길이는 5 종류인데 2 개가 98.82% 차지하며 
1.18%는 검사가 필요합니다.",20,,0,,0
CONTRACT.csv,COMMISION,A (양호),4, Null (3.75%)이 있습니다.,5,,0,,0,,0,,0
CONTRACT.csv,DEVELOP_ORG,C (위험),2, Null (81.74%)이 있습니다.,5,"데이터 포맷은 4 종류인데 1 개가 97.58% 차지하며 
2.42%는 검사가 필요합니다.",20,"데이터 길이는 3 종류인데 1 개가 97.58% 차지하며 
2.42%는 검사가 필요합니다.",20,,0,데이터 길이는 3 종류인데 데이터 포맷은 4 종류가 있습니다.,1
CONTRACT.csv,IMAGE,S (최상),5,,0,,0,,0,,0,,0
CONTRACT.csv,GOOD_YN,S (최상),5,,0,,0,,0,,0,,0
CONTRACT.csv,ENT_EMP,C (위험),2, Null (4.56%)이 있습니다.,5,"데이터 포맷은 7 종류인데 2 개가 96.16% 차지하며 
3.84%는 검사가 필요합니다.",20,"데이터 길이는 3 종류인데 2 개가 98.13% 차지하며 
1.87%는 검사가 필요합니다.",20,,0,데이터 길이는 3 종류인데 데이터 포맷은 7 종류가 있습니다.,1
CONTRACT.csv,UPDATE_EMP,A (양호),4, Null (13.64%)이 있습니다.,5,,0,,0,,0,,0
CONTRACT.csv,ENT_DATE,S (최상),5,,0,,0,,0,,0,,0
CUSTOMER.csv,고객번호,S (최상),5,,0,,0,,0,,0,,0
CUSTOMER.csv,사업구분,A (양호),4, Null (0.27%)이 있습니다.,5,,0,,0,,0,,0
CUSTOMER.csv,고객명,C (위험),2, Null (0.34%)이 있습니다.,5,,0,,0,"한글 미완성 문자 (1건) 와 비표준 유니코드 (28건),  한자 (1건) 문자가 있습니다.",20,,0
CUSTOMER.csv,영문고객명,A (양호),4, Null (96.49%)이 있습니다.,5,,0,,0,,0,,0
CUSTOMER.csv,국가코드,A (양호),4, Null (8.98%)이 있습니다.,5,,0,,0,,0,,0
CUSTOMER.csv,주민_사업자등록번호,C (위험),2, Null (0.3%)이 있습니다.,5,"데이터 포맷은 3 종류인데 1 개가 99.97% 차지하며 
0.03%는 검사가 필요합니다.",20,"데이터 길이는 3 종류인데 1 개가 99.97% 차지하며 
0.03%는 검사가 필요합니다.",20,,0,,0
CUSTOMER.csv,우편번호,C (위험),2, Null (7.49%)이 있습니다.,5,"데이터 포맷은 3 종류인데 2 개가 99.99% 차지하며 
0.01%는 검사가 필요합니다.",20,,0,,0,데이터 길이는 2 종류인데 데이터 포맷은 3 종류가 있습니다.,1
CUSTOMER.csv,주소,C (위험),2, Null (10.58%)이 있습니다.,5,,0,,0,"한글 미완성 문자 (2건) 와 비표준 유니코드 (7건),  한자 (1건) 문자가 있습니다.",20,,0
CUSTOMER.csv,청구부서,C (위험),2, Null (64.27%)이 있습니다.,5,,0,,0,한글 미완성 문자 (2건) 와 비표준 유니코드 (4건),20,,0
CUSTOMER.csv,청구지우편번호,A (양호),4, Null (0.83%)이 있습니다.,5,,0,,0,,0,,0
CUSTOMER.csv,청구지주소,C (위험),2, Null (19.72%)이 있습니다.,5,,0,,0,한글 미완성 문자 (2건) 와 비표준 유니코드 (3건),20,,0
CUSTOMER.csv,판매일,A (양호),4, Null (0.34%)이 있습니다.,5,,0,,0,,0,,0
CUSTOMER.csv,판매점소,C (위험),2, Null (0.53%)이 있습니다.,5,"데이터 포맷은 4 종류인데 2 개가 96.63% 차지하며 
3.37%는 검사가 필요합니다.",20,"데이터 길이는 4 종류인데 2 개가 96.63% 차지하며 
3.37%는 검사가 필요합니다.",20,,0,,0
CUSTOMER.csv,판매원사번,C (위험),2, Null (1.09%)이 있습니다.,5,"데이터 포맷은 2 종류인데 1 개가 99.97% 차지하며 
0.03%는 검사가 필요합니다.",20,,0,,0,데이터 길이는 1 종류인데 데이터 포맷은 2 종류가 있습니다.,1
CUSTOMER.csv,담당부서,B (점검),3, Null (17.86%)이 있습니다.,5,,0,,0,한글 미완성 문자 (2건),10,,0
CUSTOMER.csv,집하지우편번호,C (위험),2, Null (1.98%)이 있습니다.,5,"데이터 포맷은 3 종류인데 2 개가 99.98% 차지하며 
0.02%는 검사가 필요합니다.",20,"데이터 길이는 3 종류인데 2 개가 99.98% 차지하며 
0.02%는 검사가 필요합니다.",20,,0,,0
CUSTOMER.csv,집하지대번지,A (양호),4, Null (62.1%)이 있습니다.,5,,0,,0,,0,,0
CUSTOMER.csv,집하지소번지,A (양호),4, Null (76.06%)이 있습니다.,5,,0,,0,,0,,0
CUSTOMER.csv,집하지주소,B (점검),3, Null (21.89%)이 있습니다.,5,,0,,0,"비표준 유니코드 (57건),  한자 (4건) 문자가 있습니다.",10,,0
CUSTOMER.csv,1ST_STREET,A (양호),4, Null (97.2%)이 있습니다.,5,,0,,0,,0,,0
CUSTOMER.csv,계약기간종료일,A (양호),4, Null (0.44%)이 있습니다.,5,,0,,0,,0,,0
CUSTOMER.csv,청구점소,C (위험),2, Null (0.88%)이 있습니다.,5,"데이터 포맷은 3 종류인데 1 개가 98.9% 차지하며 
1.1%는 검사가 필요합니다.",20,,0,,0,데이터 길이는 1 종류인데 데이터 포맷은 3 종류가 있습니다.,1
CUSTOMER.csv,수금점소,C (위험),2, Null (0.88%)이 있습니다.,5,"데이터 포맷은 3 종류인데 1 개가 97.82% 차지하며 
2.18%는 검사가 필요합니다.",20,,0,,0,데이터 길이는 1 종류인데 데이터 포맷은 3 종류가 있습니다.,1
CUSTOMER.csv,최종수정일시,A (양호),4, Null (0.65%)이 있습니다.,5,,0,,0,,0,,0
CUSTOMER.csv,최종변경자사번,C (위험),2, Null (0.65%)이 있습니다.,5,"데이터 포맷은 5 종류인데 1 개가 97.03% 차지하며 
2.97%는 검사가 필요합니다.",20,"데이터 길이는 3 종류인데 1 개가 99.04% 차지하며 
0.96%는 검사가 필요합니다.",20,,0,데이터 길이는 3 종류인데 데이터 포맷은 5 종류가 있습니다.,1
CUSTOMER.csv,집하점소,C (위험),2, Null (1.64%)이 있습니다.,5,"데이터 포맷은 3 종류인데 1 개가 99.93% 차지하며 
0.07%는 검사가 필요합니다.",20,"데이터 길이는 2 종류인데 1 개가 99.93% 차지하며 
0.07%는 검사가 필요합니다.",20,,0,데이터 길이는 2 종류인데 데이터 포맷은 3 종류가 있습니다.,1
CUSTOMER.csv,수입조직,A (양호),4, Null (0.93%)이 있습니다.,5,,0,,0,,0,,0
CUSTOMER.csv,법인번호,C (위험),2, Null (83.22%)이 있습니다.,5,"데이터 포맷은 2 종류인데 1 개가 99.46% 차지하며 
0.54%는 검사가 필요합니다.",20,"데이터 길이는 2 종류인데 1 개가 99.46% 차지하며 
0.54%는 검사가 필요합니다.",20,,0,,0
ORGNIZATION.csv,조직코드,S (최상),5,,0,,0,,0,,0,,0
ORGNIZATION.csv,상위조직코드,C (위험),2, Null (0.76%)이 있습니다.,5,"데이터 포맷은 6 종류인데 3 개가 98.69% 차지하며 
1.31%는 검사가 필요합니다.",20,"데이터 길이는 5 종류인데 3 개가 98.71% 차지하며 
1.29%는 검사가 필요합니다.",20,,0,데이터 길이는 5 종류인데 데이터 포맷은 6 종류가 있습니다.,1
ORGNIZATION.csv,조직명,A (양호),4,,0,,0,,0,한글 미완성 문자 (1건),10,,0
ORGNIZATION.csv,조직구분코드,B (점검),3,,0,"데이터 포맷은 10 종류인데 4 개가 95.86% 차지하며 
4.14%는 검사가 필요합니다.",20,"데이터 길이는 9 종류인데 4 개가 95.86% 차지하며 
4.14%는 검사가 필요합니다.",20,,0,데이터 길이는 9 종류인데 데이터 포맷은 10 종류가 있습니다.,1
ORGNIZATION.csv,조직관리유형코드,A (양호),4, Null (0.03%)이 있습니다.,5,,0,,0,,0,,0
ORGNIZATION.csv,조직권역구분코드,A (양호),4, Null (0.36%)이 있습니다.,5,,0,,0,,0,,0
ORGNIZATION.csv,조직계약시작일자,A (양호),4, Null (47.78%)이 있습니다.,5,,0,,0,,0,,0
ORGNIZATION.csv,조직계약종료일자,A (양호),4, Null (75.55%)이 있습니다.,5,,0,,0,,0,,0
ORGNIZATION.csv,조직폐쇄일자,A (양호),4, Null (72.16%)이 있습니다.,5,,0,,0,,0,,0
ORGNIZATION.csv,영문조직명,A (양호),4, Null (17.57%)이 있습니다.,5,,0,,0,,0,,0
ORGNIZATION.csv,팩스번호,B (점검),3,코드 후보. 한글 문자가 있습니다.,15,"데이터 포맷은 23 종류인데 8 개가 95.83% 차지하며 
4.17%는 검사가 필요합니다.",5,"데이터 길이는 12 종류인데 5 개가 96.28% 차지하며 
3.72%는 검사가 필요합니다.",20,,0,데이터 길이는 12 종류인데 데이터 포맷은 23 종류가 있습니다.,1
ORGNIZATION.csv,우편번호,A (양호),4, Null (9.25%)이 있습니다.,5,,0,,0,,0,,0
ORGNIZATION.csv,기본주소,B (점검),3, Null (48.38%)이 있습니다.,5,,0,,0,비표준 유니코드 (1건),10,,0
ORGNIZATION.csv,수입조직코드,A (양호),4, Null (21.79%)이 있습니다.,5,,0,,0,,0,,0
ORGNIZATION.csv,수입신규조직코드,A (양호),4, Null (21.79%)이 있습니다.,5,,0,,0,,0,,0
ORGNIZATION.csv,좌표구분코드,A (양호),4, Null (68.46%)이 있습니다.,5,,0,,0,,0,,0
ORGNIZATION.csv,X좌표,C (위험),2, Null (68.46%)이 있습니다.,5,"데이터 포맷은 5 종류인데 2 개가 95.62% 차지하며 
4.38%는 검사가 필요합니다.",20,"데이터 길이는 5 종류인데 2 개가 95.62% 차지하며 
4.38%는 검사가 필요합니다.",20,,0,,0
ORGNIZATION.csv,Y좌표,C (위험),2, Null (68.46%)이 있습니다.,5,"데이터 포맷은 7 종류인데 2 개가 95.62% 차지하며 
4.38%는 검사가 필요합니다.",20,"데이터 길이는 5 종류인데 2 개가 96.45% 차지하며 
3.55%는 검사가 필요합니다.",20,,0,데이터 길이는 5 종류인데 데이터 포맷은 7 종류가 있습니다.,1
ORGNIZATION.csv,사업자등록번호,A (양호),4, Null (49.82%)이 있습니다.,5,,0,,0,,0,,0
ORGNIZATION.csv,최수정일시,A (양호),4, Null (8.03%)이 있습니다.,5,,0,,0,,0,,0
ORGNIZATION.csv,최종수정자,A (양호),4, Null (8.24%)이 있습니다.,5,,0,,0,,0,,0
PRM계약.csv,PRM계약번호,S (최상),5,,0,,0,,0,,0,,0
PRM계약.csv,사업자번호,S (최상),5,,0,,0,,0,,0,,0
PRM계약.csv,계약명,A (양호),4,,0,,0,,0,비표준 유니코드 (1건),10,,0
PRM계약.csv,계약구분,S (최상),5,,0,,0,,0,,0,,0
PRM계약.csv,계약형태,S (최상),5,,0,,0,,0,,0,,0
PRM계약.csv,사업자명,S (최상),5,,0,,0,,0,,0,,0
PRM계약.csv,업태,S (최상),5,,0,,0,,0,,0,,0
PRM계약.csv,업종,S (최상),5,,0,,0,,0,,0,,0
PRM계약.csv,계약등록일,S (최상),5,,0,,0,,0,,0,,0
PRM계약.csv,최초계약일,S (최상),5,,0,,0,,0,,0,,0
PRM계약.csv,계약개시일,S (최상),5,,0,,0,,0,,0,,0
PRM계약.csv,계약종료일,S (최상),5,,0,,0,,0,,0,,0
PRM계약.csv,운영점소대,S (최상),5,,0,,0,,0,,0,,0
PRM계약.csv,운영점소중,B (점검),3,,0,"데이터 포맷은 2 종류인데 1 개가 95.84% 차지하며 
4.16%는 검사가 필요합니다.",20,"데이터 길이는 2 종류인데 1 개가 95.84% 차지하며 
4.16%는 검사가 필요합니다.",20,,0,,0
PRM계약.csv,운영점소,B (점검),3,,0,"데이터 포맷은 3 종류인데 2 개가 96.05% 차지하며 
3.95%는 검사가 필요합니다.",20,"데이터 길이는 3 종류인데 2 개가 96.05% 차지하며 
3.95%는 검사가 필요합니다.",20,,0,,0
PRM계약.csv,최종변경일시,A (양호),4,단일값만 있습니다.,5,,0,,0,,0,,0
PRM계약.csv,ETL일시,A (양호),4,단일값만 있습니다.,5,,0,,0,,0,,0
test.csv,ID,S (최상),5,,0,,0,,0,,0,,0
test.csv,Name,C (위험),2,코드 후보. 한글 문자가 있습니다.,15,"데이터 포맷은 2 종류인데 1 개가 96.88% 차지하며 
3.12%는 검사가 필요합니다.",20,"데이터 길이는 2 종류인데 1 개가 96.88% 차지하며 
3.12%는 검사가 필요합니다.",20,,0,,0
test.csv,Sex,S (최상),5,,0,,0,,0,,0,,0
test.csv,SexE,S (최상),5,,0,,0,,0,,0,,0
test.csv,Age,S (최상),5,,0,,0,,0,,0,,0
test.csv,Country,S (최상),5,,0,,0,,0,,0,,0
test.csv,Tel,S (최상),5,,0,,0,,0,,0,,0
test.csv,Addr,S (최상),5,,0,,0,,0,,0,,0
test.csv,Cell Phone,S (최상),5,,0,,0,,0,,0,,0
test.csv,Desc,S (최상),5,,0,,0,,0,,0,,0
test.csv,Address,S (최상),5,,0,,0,,0,,0,,0
test.csv,Year,S (최상),5,,0,,0,,0,,0,,0
test.csv,YearMonth,S (최상),5,,0,,0,,0,,0,,0
test.csv,Email,S (최상),5,,0,,0,,0,,0,,0
test.csv,Name2,C (위험),2,코드 후보. 한글 문자가 있습니다.,15,"데이터 포맷은 2 종류인데 1 개가 96.88% 차지하며 
3.12%는 검사가 필요합니다.",20,"데이터 길이는 2 종류인데 1 개가 96.88% 차지하며 
3.12%는 검사가 필요합니다.",20,,0,,0
test.csv,전화번호,S (최상),5,,0,,0,,0,,0,,0
test.csv,YYYYMMDD,S (최상),5,,0,,0,,0,,0,,0
test.csv,시도,B (점검),3,코드 후보. 한글 문자가 있습니다.,15,,0,,0,,0,,0
test.csv,YYMMDD,S (최상),5,,0,,0,,0,,0,,0
test.csv,업체명,S (최상),5,,0,,0,,0,,0,,0
test.csv,차량번호,B (점검),3,코드 후보. 한글 문자가 있습니다.,15,,0,,0,,0,,0
test.csv,TimeStamp,B (점검),3,"TIMESTAMP 형식이며, 유니크한 값이 아닙니다.",20,,0,,0,,0,,0
test.csv,주민등록번호,S (최상),5,,0,,0,,0,,0,,0
Z코드변동성예제.csv,코드,B (점검),3,,0,"데이터 포맷은 3 종류인데 3 개가 100.0% 차지하며 
0.0%는 검사가 필요합니다.",20,,0,,0,데이터 길이는 2 종류인데 데이터 포맷은 3 종류가 있습니다.,1
Z코드변동성예제.csv,사업자,S (최상),5,,0,,0,,0, 한자 (2건) 와 일본어 (1건) 문자가 있습니다.,0,,0
Z코드변동성예제.csv,GEN_TIMESTAMP,S (최상),5,,0,,0,,0,,0,,0
계약마스터.csv,계약적용월,S (최상),5,,0,,0,,0,,0,,0
계약마스터.csv,계약관리번호,S (최상),5,,0,,0,,0,,0,,0
계약마스터.csv,계약번호,B (점검),3,,0,"데이터 포맷은 4 종류인데 1 개가 95.34% 차지하며 
4.66%는 검사가 필요합니다.",20,"데이터 길이는 4 종류인데 1 개가 95.34% 차지하며 
4.66%는 검사가 필요합니다.",20,,0,,0
계약마스터.csv,소사업코드,S (최상),5,,0,,0,,0,,0,,0
계약마스터.csv,팀코드,B (점검),3,,0,"데이터 포맷은 3 종류인데 2 개가 99.86% 차지하며 
0.14%는 검사가 필요합니다.",20,"데이터 길이는 3 종류인데 2 개가 99.86% 차지하며 
0.14%는 검사가 필요합니다.",20,,0,,0
계약마스터.csv,계약구분,S (최상),5,,0,,0,,0,,0,,0
계약마스터.csv,소사업명,C (위험),2,코드 후보. 한글 문자가 있습니다.,15,"데이터 포맷은 18 종류인데 2 개가 95.45% 차지하며 
4.55%는 검사가 필요합니다.",20,"데이터 길이는 9 종류인데 2 개가 96.37% 차지하며 
3.63%는 검사가 필요합니다.",20,,0,데이터 길이는 9 종류인데 데이터 포맷은 18 종류가 있습니다.,1
계약마스터.csv,팀명,S (최상),5,,0,,0,,0,,0,,0
계약마스터.csv,사업자번호,S (최상),5,,0,,0,,0,,0,,0
계약마스터.csv,고객명,A (양호),4,,0,,0,,0,"비표준 유니코드 (6건),  한자 (2건) 문자가 있습니다.",10,,0
계약마스터.csv,계약개시일,S (최상),5,,0,,0,,0,,0,,0
계약마스터.csv,계약종료일,S (최상),5,,0,,0,,0,,0,,0
계약마스터.csv,물량단위,D (심각),1,코드 후보. 한글 문자가 있습니다.,15,"데이터 포맷은 4 종류인데 1 개가 98.44% 차지하며 
1.56%는 검사가 필요합니다.",20,"데이터 길이는 3 종류인데 1 개가 98.44% 차지하며 
1.56%는 검사가 필요합니다.",20,비표준 유니코드 (25건),10,데이터 길이는 3 종류인데 데이터 포맷은 4 종류가 있습니다.,1
계약마스터.csv,예상물량년,B (점검),3,,0,"데이터 포맷은 9 종류인데 4 개가 98.23% 차지하며 
1.77%는 검사가 필요합니다.",20,"데이터 길이는 9 종류인데 4 개가 98.23% 차지하며 
1.77%는 검사가 필요합니다.",20,,0,,0
계약마스터.csv,최초생성자ID,A (양호),4,단일값만 있습니다.,5,,0,,0,,0,,0
계약마스터.csv,최초생성일시,S (최상),5,,0,,0,,0,,0,,0
계약마스터.csv,ESB_STATUS,A (양호),4,"YN_Flag 형식이며, 단일값만 있습니다.",5,,0,,0,,0,,0
계약마스터.csv,최종변경일시,A (양호),4,단일값만 있습니다.,5,,0,,0,,0,,0
계약마스터.csv,ETL일시,A (양호),4,단일값만 있습니다.,5,,0,,0,,0,,0
계정과목코드.csv,계정과목코드,S (최상),5,,0,,0,,0,,0,,0
계정과목코드.csv,계정과목명,A (양호),4,,0,,0,,0,비표준 유니코드 (1건),10,,0
계정과목코드.csv,상위계정과목코드,S (최상),5,,0,,0,,0,,0,,0
계정과목코드.csv,계정유형코드,B (점검),3,코드 후보. 한글 문자가 있습니다.,15,,0,,0,,0,,0
계정과목코드.csv,계정속성값1,A (양호),4,단일값만 있습니다. Null (97.32%)이 있습니다.,10,,0,,0,,0,,0
계정과목코드.csv,계정속성값2,A (양호),4, Null (96.34%)이 있습니다.,5,,0,,0,,0,,0
계정과목코드.csv,최초생성자ID,A (양호),4,단일값만 있습니다.,5,,0,,0,,0,,0
계정과목코드.csv,최초생성일시,S (최상),5,,0,,0,,0,,0,,0
계정과목코드.csv,최종갱신자ID,A (양호),4,단일값만 있습니다.,5,,0,,0,,0,,0
계정과목코드.csv,최종변경일시,S (최상),5,,0,,0,,0,,0,,0
계정과목코드.csv,ETL일시,A (양호),4,단일값만 있습니다.,5,,0,,0,,0,,0
계정코드관리.csv,수익비용구분코드,S (최상),5,,0,,0,,0,,0,,0
계정코드관리.csv,수익비용구분명,S (최상),5,,0,,0,,0,,0,,0
계정코드관리.csv,상위계정과목코드,S (최상),5,,0,,0,,0,,0,,0
계정코드관리.csv,상위계정과목명,S (최상),5,,0,,0,,0,,0,,0
계정코드관리.csv,계정과목코드,S (최상),5,,0,,0,,0,,0,,0
계정코드관리.csv,계정과목명,S (최상),5,,0,,0,,0,,0,,0
계정코드관리.csv,하위계정과목코드,S (최상),5,,0,,0,,0,,0,,0
계정코드관리.csv,하위계정과목명,A (양호),4,,0,,0,,0,비표준 유니코드 (1건),10,,0
계정코드관리.csv,정렬순서,S (최상),5,,0,,0,,0,,0,,0
계정코드관리.csv,최초생성자ID,A (양호),4,단일값만 있습니다.,5,,0,,0,,0,,0
계정코드관리.csv,최초생성일시,B (점검),3,"TIMESTAMP 형식이며, 유니크한 값이 아닙니다.",20,,0,,0,,0,,0
계정코드관리.csv,last_update_dtm,A (양호),4,"TIMESTAMP 형식이며, 단일값만 있습니다.",10,,0,,0,,0,,0
계정코드관리.csv,etl_dtm,A (양호),4,"TIMESTAMP 형식이며, 단일값만 있습니다.",10,,0,,0,,0,,0
고객마스터.csv,고객번호,S (최상),5,,0,,0,,0,,0,,0
고객마스터.csv,고객명,B (점검),3, Null (0.01%)이 있습니다.,5,,0,,0,"비표준 유니코드 (9건),  한자 (1건) 문자가 있습니다.",10,,0
고객마스터.csv,고객구분코드,A (양호),4,단일값만 있습니다.,5,,0,,0,,0,,0
고객마스터.csv,사업자등록번호,S (최상),5,,0,,0,,0,,0,,0
고객마스터.csv,법인등록번호,C (위험),2, Null (94.52%)이 있습니다.,5,"데이터 포맷은 2 종류인데 1 개가 99.01% 차지하며 
0.99%는 검사가 필요합니다.",20,"데이터 길이는 2 종류인데 1 개가 99.01% 차지하며 
0.99%는 검사가 필요합니다.",20,,0,,0
고객마스터.csv,업태,A (양호),4, Null (60.46%)이 있습니다.,5,,0,,0, 한자 (3건) 문자가 있습니다.,0,,0
고객마스터.csv,업종명,C (위험),2, Null (6.52%)이 있습니다.,5,,0,,0,"한글 미완성 문자 (1건) 와 비표준 유니코드 (148건),  한자 (4건) 문자가 있습니다.",20,,0
고객마스터.csv,주소,B (점검),3, Null (90.59%)이 있습니다.,5,,0,,0,한글 미완성 문자 (1건),10,,0
고객마스터.csv,우편번호,A (양호),4, Null (90.94%)이 있습니다.,5,,0,,0,,0,,0
고객마스터.csv,거래중지여부,A (양호),4, Null (80.85%)이 있습니다.,5,,0,,0,,0,,0
고객마스터.csv,거래중지사유,A (양호),4, Null (97.96%)이 있습니다.,5,,0,,0,,0,,0
고객마스터.csv,SFDC고객ID,D (심각),1,코드 후보. 유일성 100% 입니다.,40,,0,,0,,0,,0
고객마스터.csv,등록일시,S (최상),5,,0,,0,,0,,0,,0
고객마스터.csv,최종사원업데이트일시,A (양호),4, Null (0.21%)이 있습니다.,5,,0,,0,,0,,0
고객유형.csv,고객유형코드,S (최상),5,,0,,0,,0,,0,,0
고객유형.csv,고객유형명,S (최상),5,,0,,0,,0,,0,,0
고객유형.csv,사용여부,A (양호),4,"YN_Flag 형식이며, 단일값만 있습니다.",5,,0,,0,,0,,0
고객유형.csv,등록일시,S (최상),5,,0,,0,,0,,0,,0
고객유형.csv,등록사용자ID,A (양호),4,단일값만 있습니다.,5,,0,,0,,0,,0
고객유형.csv,변경사용자ID,A (양호),4,단일값만 있습니다.,5,,0,,0,,0,,0
고객유형.csv,최종변경일시,S (최상),5,,0,,0,,0,,0,,0
고객유형.csv,ETL일시,A (양호),4,"TIMESTAMP 형식이며, 단일값만 있습니다.",10,,0,,0,,0,,0
관리회계_계정그룹.csv,배부계정GROUP코드,S (최상),5,,0,,0,,0,,0,,0
관리회계_계정그룹.csv,배부계정GROUP명,S (최상),5,,0,,0,,0,,0,,0
관리회계_계정그룹.csv,정렬순서,S (최상),5,,0,,0,,0,,0,,0
관리회계_계정그룹.csv,사용여부,A (양호),4,"YN_Flag 형식이며, 단일값만 있습니다.",5,,0,,0,,0,,0
관리회계_계정그룹.csv,최초생성자ID,S (최상),5,,0,,0,,0,,0,,0
관리회계_계정그룹.csv,최초생성일시,S (최상),5,,0,,0,,0,,0,,0
관리회계_계정그룹.csv,최종갱신자ID,S (최상),5,,0,,0,,0,,0,,0
관리회계_계정그룹.csv,최종변경일시,S (최상),5,,0,,0,,0,,0,,0
관리회계_계정그룹.csv,ETL일시,A (양호),4,"TIMESTAMP 형식이며, 단일값만 있습니다.",10,,0,,0,,0,,0
관리회계_계정그룹상세.csv,배부계정GROUP코드,S (최상),5,,0,,0,,0,,0,,0
관리회계_계정그룹상세.csv,계정코드,S (최상),5,,0,,0,,0,,0,,0
관리회계_계정그룹상세.csv,정렬순서,D (심각),1,코드 후보. 유일성 100% 입니다.,40,,0,,0,,0,,0
관리회계_계정그룹상세.csv,사용여부,A (양호),4,"YN_Flag 형식이며, 단일값만 있습니다.",5,,0,,0,,0,,0
관리회계_계정그룹상세.csv,최초생성자ID,S (최상),5,,0,,0,,0,,0,,0
관리회계_계정그룹상세.csv,최초생성일시,S (최상),5,,0,,0,,0,,0,,0
관리회계_계정그룹상세.csv,최종갱신자ID,S (최상),5,,0,,0,,0,,0,,0
관리회계_계정그룹상세.csv,최종변경일시,S (최상),5,,0,,0,,0,,0,,0
관리회계_계정그룹상세.csv,ETL일시,A (양호),4,"TIMESTAMP 형식이며, 단일값만 있습니다.",10,,0,,0,,0,,0
관리회계_고객.csv,사업자등록번호,S (최상),5,,0,,0,,0,,0,,0
관리회계_고객.csv,고객명,A (양호),4,,0,,0,,0,"비표준 유니코드 (2건),  한자 (1건) 문자가 있습니다.",10,,0
관리회계_고객.csv,법인번호,C (위험),2, Null (73.56%)이 있습니다.,5,"데이터 포맷은 3 종류인데 1 개가 99.92% 차지하며 
0.08%는 검사가 필요합니다.",20,"데이터 길이는 2 종류인데 1 개가 99.96% 차지하며 
0.04%는 검사가 필요합니다.",20,,0,데이터 길이는 2 종류인데 데이터 포맷은 3 종류가 있습니다.,1
관리회계_고객.csv,고객구분코드,A (양호),4,단일값만 있습니다.,5,,0,,0,,0,,0
관리회계_고객.csv,최초생성자ID,A (양호),4, Null (0.13%)이 있습니다.,5,,0,,0,,0,,0
관리회계_고객.csv,최초생성일시,A (양호),4, Null (0.13%)이 있습니다.,5,,0,,0,,0,,0
관리회계_고객.csv,최종갱신자ID,A (양호),4, Null (0.07%)이 있습니다.,5,,0,,0,,0,,0
관리회계_고객.csv,최종변경일시,A (양호),4, Null (0.07%)이 있습니다.,5,,0,,0,,0,,0
관리회계_고객.csv,ETL일시,A (양호),4,단일값만 있습니다.,5,,0,,0,,0,,0
관리회계_사업.csv,사업유형코드,S (최상),5,,0,,0,,0,,0,,0
관리회계_사업.csv,사업코드,S (최상),5,,0,,0,,0,,0,,0
관리회계_사업.csv,유효시작일자V,S (최상),5,,0,,0,,0,,0,,0
관리회계_사업.csv,사업명,S (최상),5,,0,,0,,0,,0,,0
관리회계_사업.csv,상위사업코드,A (양호),4, Null (0.97%)이 있습니다.,5,,0,,0,,0,,0
관리회계_사업.csv,사업LEVEL코드,A (양호),4, Null (24.03%)이 있습니다.,5,,0,,0,,0,,0
관리회계_사업.csv,유효종료일자V,A (양호),4,"DATECHAR 형식이며, 단일값만 있습니다.",10,,0,,0,,0,,0
관리회계_사업.csv,정렬순서,S (최상),5,,0,,0,,0,,0,,0
관리회계_사업.csv,최초생성자ID,A (양호),4,단일값만 있습니다.,5,,0,,0,,0,,0
관리회계_사업.csv,최초생성일시,S (최상),5,,0,,0,,0,,0,,0
관리회계_사업.csv,최종갱신자ID,A (양호),4,단일값만 있습니다.,5,,0,,0,,0,,0
관리회계_사업.csv,최종변경일시,S (최상),5,,0,,0,,0,,0,,0
관리회계_사업.csv,ETL일시,A (양호),4,단일값만 있습니다.,5,,0,,0,,0,,0
관리회계_조직그룹.csv,귀속부서조직GROUP코드,S (최상),5,,0,,0,,0,,0,,0
관리회계_조직그룹.csv,귀속부서조직GROUP명,S (최상),5,,0,,0,,0,,0,,0
관리회계_조직그룹.csv,정렬순서,S (최상),5,,0,,0,,0,,0,,0
관리회계_조직그룹.csv,사용여부,S (최상),5,,0,,0,,0,,0,,0
관리회계_조직그룹.csv,최초생성자ID,A (양호),4,단일값만 있습니다.,5,,0,,0,,0,,0
관리회계_조직그룹.csv,최초생성일시,S (최상),5,,0,,0,,0,,0,,0
관리회계_조직그룹.csv,최종갱신자ID,A (양호),4,단일값만 있습니다.,5,,0,,0,,0,,0
관리회계_조직그룹.csv,최종변경일시,S (최상),5,,0,,0,,0,,0,,0
관리회계_조직그룹.csv,ETL일시,A (양호),4,"TIMESTAMP 형식이며, 단일값만 있습니다.",10,,0,,0,,0,,0
관리회계_조직그룹상세.csv,귀속부서조직GROUP코드,S (최상),5,,0,,0,,0,,0,,0
관리회계_조직그룹상세.csv,귀속부서조직코드,B (점검),3,,0,"데이터 포맷은 4 종류인데 3 개가 99.43% 차지하며 
0.57%는 검사가 필요합니다.",20,,0,,0,데이터 길이는 3 종류인데 데이터 포맷은 4 종류가 있습니다.,1
관리회계_조직그룹상세.csv,정렬순서,S (최상),5,,0,,0,,0,,0,,0
관리회계_조직그룹상세.csv,사용여부,S (최상),5,,0,,0,,0,,0,,0
관리회계_조직그룹상세.csv,최초생성자ID,A (양호),4,단일값만 있습니다.,5,,0,,0,,0,,0
관리회계_조직그룹상세.csv,최초생성일시,B (점검),3,"TIMESTAMP 형식이며, 유니크한 값이 아닙니다.",20,,0,,0,,0,,0
관리회계_조직그룹상세.csv,최종갱신자ID,A (양호),4,단일값만 있습니다.,5,,0,,0,,0,,0
관리회계_조직그룹상세.csv,최종변경일시,B (점검),3,"TIMESTAMP 형식이며, 유니크한 값이 아닙니다.",20,,0,,0,,0,,0
관리회계_조직그룹상세.csv,ETL일시,A (양호),4,"TIMESTAMP 형식이며, 단일값만 있습니다.",10,,0,,0,,0,,0
관리회계계정.csv,관리회계계정코드,S (최상),5,,0,,0,,0,,0,,0
관리회계계정.csv,계정명,A (양호),4,,0,,0,,0,비표준 유니코드 (1건),10,,0
관리회계계정.csv,관리회계상위계정코드,S (최상),5,,0,,0,,0,,0,,0
관리회계계정.csv,관리회계계정유형코드,B (점검),3,코드 후보. 한글 문자가 있습니다.,15,,0,,0,,0,,0
관리회계계정.csv,관리회계계정속성값1,A (양호),4,단일값만 있습니다. Null (97.32%)이 있습니다.,10,,0,,0,,0,,0
관리회계계정.csv,관리회계계정속성값2,A (양호),4, Null (96.34%)이 있습니다.,5,,0,,0,,0,,0
관리회계계정.csv,정렬순서,S (최상),5,,0,,0,,0,,0,,0
관리회계계정.csv,최초생성자ID,A (양호),4,단일값만 있습니다.,5,,0,,0,,0,,0
관리회계계정.csv,최초생성일시,S (최상),5,,0,,0,,0,,0,,0
관리회계계정.csv,최종갱신자ID,A (양호),4,단일값만 있습니다.,5,,0,,0,,0,,0
관리회계계정.csv,최종변경일시,S (최상),5,,0,,0,,0,,0,,0
관리회계계정.csv,ETL일시,A (양호),4,단일값만 있습니다.,5,,0,,0,,0,,0
관리회계계정.csv,create_time,S (최상),5,,0,,0,,0,,0,,0
기업고객.csv,기업고객번호,S (최상),5,,0,,0,,0,,0,,0
기업고객.csv,개인기업고객구분,A (양호),4,단일값만 있습니다.,5,,0,,0,,0,,0
기업고객.csv,사업구분,A (양호),4, Null (0.03%)이 있습니다.,5,,0,,0,,0,,0
기업고객.csv,기업고객명,C (위험),2, Null (0.05%)이 있습니다.,5,,0,,0,"한글 미완성 문자 (1건) 와 비표준 유니코드 (28건),  한자 (1건) 문자가 있습니다.",20,,0
기업고객.csv,영문고객명,A (양호),4, Null (96.33%)이 있습니다.,5,,0,,0,,0,,0
기업고객.csv,국가코드,A (양호),4, Null (9.09%)이 있습니다.,5,,0,,0,,0,,0
기업고객.csv,기업사업자등록번호,C (위험),2, Null (0.01%)이 있습니다.,5,"데이터 포맷은 3 종류인데 1 개가 99.97% 차지하며 
0.03%는 검사가 필요합니다.",20,"데이터 길이는 3 종류인데 1 개가 99.97% 차지하며 
0.03%는 검사가 필요합니다.",20,,0,,0
기업고객.csv,기업우편번호,C (위험),2, Null (3.29%)이 있습니다.,5,"데이터 포맷은 4 종류인데 3 개가 99.99% 차지하며 
0.01%는 검사가 필요합니다.",20,,0,,0,데이터 길이는 3 종류인데 데이터 포맷은 4 종류가 있습니다.,1
기업고객.csv,주소,C (위험),2, Null (6.52%)이 있습니다.,5,,0,,0,"한글 미완성 문자 (2건) 와 비표준 유니코드 (7건),  한자 (1건) 문자가 있습니다.",20,,0
기업고객.csv,청구부서,C (위험),2, Null (62.65%)이 있습니다.,5,,0,,0,한글 미완성 문자 (2건) 와 비표준 유니코드 (4건),20,,0
기업고객.csv,청구지우편번호,C (위험),2, Null (0.57%)이 있습니다.,5,"데이터 포맷은 3 종류인데 2 개가 97.19% 차지하며 
2.81%는 검사가 필요합니다.",20,"데이터 길이는 3 종류인데 2 개가 97.19% 차지하며 
2.81%는 검사가 필요합니다.",20,,0,,0
기업고객.csv,청구지주소,C (위험),2, Null (20.28%)이 있습니다.,5,,0,,0,한글 미완성 문자 (2건) 와 비표준 유니코드 (3건),20,,0
기업고객.csv,판매일,A (양호),4, Null (0.05%)이 있습니다.,5,,0,,0,,0,,0
기업고객.csv,판매점소,C (위험),2, Null (0.26%)이 있습니다.,5,"데이터 포맷은 4 종류인데 2 개가 96.65% 차지하며 
3.35%는 검사가 필요합니다.",20,"데이터 길이는 4 종류인데 2 개가 96.65% 차지하며 
3.35%는 검사가 필요합니다.",20,,0,,0
기업고객.csv,판매원사번,C (위험),2, Null (0.84%)이 있습니다.,5,"데이터 포맷은 4 종류인데 3 개가 99.97% 차지하며 
0.03%는 검사가 필요합니다.",20,,0,,0,데이터 길이는 3 종류인데 데이터 포맷은 4 종류가 있습니다.,1
기업고객.csv,담당부서,B (점검),3, Null (14.12%)이 있습니다.,5,,0,,0,한글 미완성 문자 (2건),10,,0
기업고객.csv,집하지우편번호,C (위험),2, Null (1.81%)이 있습니다.,5,"데이터 포맷은 3 종류인데 2 개가 97.32% 차지하며 
2.68%는 검사가 필요합니다.",20,"데이터 길이는 3 종류인데 2 개가 97.32% 차지하며 
2.68%는 검사가 필요합니다.",20,,0,,0
기업고객.csv,집하지주소,B (점검),3, Null (22.56%)이 있습니다.,5,,0,,0,"비표준 유니코드 (57건),  한자 (4건) 문자가 있습니다.",10,,0
기업고객.csv,1ST_STREET,A (양호),4, Null (97.08%)이 있습니다.,5,,0,,0,,0,,0
기업고객.csv,계약기간종료일,A (양호),4, Null (0.18%)이 있습니다.,5,,0,,0,,0,,0
기업고객.csv,청구점소,C (위험),2, Null (0.66%)이 있습니다.,5,"데이터 포맷은 3 종류인데 1 개가 98.86% 차지하며 
1.14%는 검사가 필요합니다.",20,,0,,0,데이터 길이는 1 종류인데 데이터 포맷은 3 종류가 있습니다.,1
기업고객.csv,수금점소,C (위험),2, Null (0.66%)이 있습니다.,5,"데이터 포맷은 3 종류인데 1 개가 97.73% 차지하며 
2.27%는 검사가 필요합니다.",20,,0,,0,데이터 길이는 1 종류인데 데이터 포맷은 3 종류가 있습니다.,1
기업고객.csv,최종수정일시,A (양호),4, Null (0.42%)이 있습니다.,5,,0,,0,,0,,0
기업고객.csv,최종변경자사번,C (위험),2, Null (0.43%)이 있습니다.,5,"데이터 포맷은 7 종류인데 2 개가 96.4% 차지하며 
3.6%는 검사가 필요합니다.",20,"데이터 길이는 3 종류인데 2 개가 98.55% 차지하며 
1.45%는 검사가 필요합니다.",20,,0,데이터 길이는 3 종류인데 데이터 포맷은 7 종류가 있습니다.,1
기업고객.csv,집하점소,C (위험),2, Null (1.46%)이 있습니다.,5,"데이터 포맷은 5 종류인데 1 개가 97.68% 차지하며 
2.32%는 검사가 필요합니다.",20,"데이터 길이는 4 종류인데 1 개가 97.68% 차지하며 
2.32%는 검사가 필요합니다.",20,,0,데이터 길이는 4 종류인데 데이터 포맷은 5 종류가 있습니다.,1
기업고객.csv,수입조직,A (양호),4, Null (0.72%)이 있습니다.,5,,0,,0,,0,,0
기업고객.csv,기업법인번호,C (위험),2, Null (82.45%)이 있습니다.,5,"데이터 포맷은 2 종류인데 1 개가 99.46% 차지하며 
0.54%는 검사가 필요합니다.",20,"데이터 길이는 2 종류인데 1 개가 99.46% 차지하며 
0.54%는 검사가 필요합니다.",20,,0,,0
기업고객.csv,최종변경일시,A (양호),4,단일값만 있습니다.,5,,0,,0,,0,,0
기업고객.csv,ETL일시,A (양호),4,단일값만 있습니다.,5,,0,,0,,0,,0
미배송사유코드.csv,사유코드,S (최상),5,,0,,0,,0,,0,,0
미배송사유코드.csv,작업코드,B (점검),3,,0,"데이터 포맷은 2 종류인데 1 개가 98.08% 차지하며 
1.92%는 검사가 필요합니다.",20,,0,,0,데이터 길이는 1 종류인데 데이터 포맷은 2 종류가 있습니다.,1
미배송사유코드.csv,사유명,S (최상),5,,0,,0,,0,,0,,0
미배송사유코드.csv,사유명(영문),S (최상),5,,0,,0,,0,,0,,0
미배송사유코드.csv,최종변경일시,A (양호),4,"TIMESTAMP 형식이며, 단일값만 있습니다.",10,,0,,0,,0,,0
미배송사유코드.csv,ETL일시,A (양호),4,"TIMESTAMP 형식이며, 단일값만 있습니다.",10,,0,,0,,0,,0
배송점.csv,배송점코드,S (최상),5,,0,,0,,0,,0,,0
배송점.csv,상위조직코드,C (위험),2, Null (0.04%)이 있습니다.,5,"데이터 포맷은 2 종류인데 1 개가 98.97% 차지하며 
1.03%는 검사가 필요합니다.",20,"데이터 길이는 2 종류인데 1 개가 98.97% 차지하며 
1.03%는 검사가 필요합니다.",20,,0,,0
배송점.csv,배송점명,S (최상),5,,0,,0,,0,,0,,0
배송점.csv,조직구분코드,S (최상),5,,0,,0,,0,,0,,0
배송점.csv,조직관리유형코드,S (최상),5,,0,,0,,0,,0,,0
배송점.csv,조직권역구분코드,S (최상),5,,0,,0,,0,,0,,0
배송점.csv,조직계약시작일자,A (양호),4, Null (51.58%)이 있습니다.,5,,0,,0,,0,,0
배송점.csv,조직계약종료일자,A (양호),4, Null (65.57%)이 있습니다.,5,,0,,0,,0,,0
배송점.csv,조직폐쇄일자,A (양호),4, Null (63.75%)이 있습니다.,5,,0,,0,,0,,0
배송점.csv,영문조직명,A (양호),4, Null (19.45%)이 있습니다.,5,,0,,0,,0,,0
배송점.csv,팩스번호,A (양호),4, Null (68.3%)이 있습니다.,5,,0,,0,,0,,0
배송점.csv,우편번호,A (양호),4, Null (6.88%)이 있습니다.,5,,0,,0,,0,,0
배송점.csv,기본주소,B (점검),3, Null (50.08%)이 있습니다.,5,,0,,0,비표준 유니코드 (1건),10,,0
배송점.csv,상세주소,C (위험),2, Null (25.38%)이 있습니다.,5,,0,,0,"한글 미완성 문자 (33건) 와 비표준 유니코드 (5건),  한자 (2건) 문자가 있습니다.",20,,0
배송점.csv,사업자등록번호,A (양호),4, Null (33.32%)이 있습니다.,5,,0,,0,,0,,0
배송점.csv,최수정일시,A (양호),4, Null (5.61%)이 있습니다.,5,,0,,0,,0,,0
배송점.csv,최종수정자,A (양호),4, Null (5.61%)이 있습니다.,5,,0,,0,,0,,0
법인정보.csv,법인번호,D (심각),1,코드 후보. 유일성 100% 입니다.,40,,0,,0,,0,,0
법인정보.csv,법인명,B (점검),3, Null (0.01%)이 있습니다.,5,,0,,0,"비표준 유니코드 (5건),  한자 (2건) 문자가 있습니다.",10,,0
법인정보.csv,최초생성자ID,S (최상),5,,0,,0,,0,,0,,0
법인정보.csv,최초생성일시,B (점검),3,"TIMESTAMP 형식이며, 유니크한 값이 아닙니다.",20,,0,,0,,0,,0
법인정보.csv,최종갱신자ID,S (최상),5,,0,,0,,0,,0,,0
법인정보.csv,최종변경일시,B (점검),3,"TIMESTAMP 형식이며, 유니크한 값이 아닙니다.",20,,0,,0,,0,,0
법인정보.csv,ETL일시,A (양호),4,"TIMESTAMP 형식이며, 단일값만 있습니다.",10,,0,,0,,0,,0
사업구분.csv,사업구분코드,S (최상),5,,0,,0,,0,,0,,0
사업구분.csv,사업입체구분,A (양호),4, Null (43.42%)이 있습니다.,5,,0,,0,,0,,0
사업구분.csv,계정코드,A (양호),4, Null (25.49%)이 있습니다.,5,,0,,0,,0,,0
사업구분.csv,사업구분한글명,A (양호),4,,0,,0,,0,비표준 유니코드 (13건),10,,0
사업구분.csv,사업구분영문명,A (양호),4, Null (31.37%)이 있습니다.,5,,0,,0,,0,,0
사업구분.csv,한글CHARGE명,A (양호),4, Null (36.13%)이 있습니다.,5,,0,,0,,0,,0
사업구분.csv,영문CHARCE명,A (양호),4, Null (57.42%)이 있습니다.,5,,0,,0,,0,,0
사업구분.csv,등록일자,S (최상),5,,0,,0,,0,,0,,0
사업구분.csv,수정일자,A (양호),4, Null (26.89%)이 있습니다.,5,,0,,0,,0,,0
사업구분.csv,폐기일자,A (양호),4, Null (74.51%)이 있습니다.,5,,0,,0,,0,,0
사업구분.csv,폐기여부,S (최상),5,,0,,0,,0,,0,,0
사업구분.csv,처리자사번,S (최상),5,,0,,0,,0,,0,,0
사업구분.csv,부대청구대상여부,S (최상),5,,0,,0,,0,,0,,0
사업구분.csv,기타미수금여부,S (최상),5,,0,,0,,0,,0,,0
사업구분.csv,면세청구대상여부,S (최상),5,,0,,0,,0,,0,,0
사업구분.csv,ERP_COA_ACCOUNT,A (양호),4, Null (46.22%)이 있습니다.,5,,0,,0,,0,,0
사업구분.csv,ERP_COA_DIVS,A (양호),4, Null (46.78%)이 있습니다.,5,,0,,0,,0,,0
사업구분.csv,최종변경일시,A (양호),4,"TIMESTAMP 형식이며, 단일값만 있습니다.",10,,0,,0,,0,,0
사업구분.csv,ETL일시,A (양호),4,"TIMESTAMP 형식이며, 단일값만 있습니다.",10,,0,,0,,0,,0
사업코드관리.csv,사업유형코드,S (최상),5,,0,,0,,0,,0,,0
사업코드관리.csv,전사업코드,A (양호),4,단일값만 있습니다.,5,,0,,0,,0,,0
사업코드관리.csv,전사업명,A (양호),4,단일값만 있습니다.,5,,0,,0,,0,,0
사업코드관리.csv,대사업코드,S (최상),5,,0,,0,,0,,0,,0
사업코드관리.csv,대사업명,S (최상),5,,0,,0,,0,,0,,0
사업코드관리.csv,중사업코드,S (최상),5,,0,,0,,0,,0,,0
사업코드관리.csv,중사업명,C (위험),2,코드 후보. 한글 문자가 있습니다.,15,"데이터 포맷은 5 종류인데 4 개가 98.85% 차지하며 
1.15%는 검사가 필요합니다.",20,"데이터 길이는 4 종류인데 3 개가 98.84% 차지하며 
1.16%는 검사가 필요합니다.",20,,0,데이터 길이는 4 종류인데 데이터 포맷은 5 종류가 있습니다.,1
사업코드관리.csv,소사업코드,S (최상),5,,0,,0,,0,,0,,0
사업코드관리.csv,소사업명,S (최상),5,,0,,0,,0,,0,,0
사업코드관리.csv,business_level5_cd,S (최상),5,,0,,0,,0,,0,,0
사업코드관리.csv,business_level5_name,S (최상),5,,0,,0,,0,,0,,0
사업코드관리.csv,business_level6_cd,S (최상),5,,0,,0,,0,,0,,0
사업코드관리.csv,business_level6_name,S (최상),5,,0,,0,,0,,0,,0
사업코드관리.csv,사업코드,S (최상),5,,0,,0,,0,,0,,0
사업코드관리.csv,사업명,S (최상),5,,0,,0,,0,,0,,0
사업코드관리.csv,정렬순서,S (최상),5,,0,,0,,0,,0,,0
사업코드관리.csv,최초생성자ID,A (양호),4,단일값만 있습니다.,5,,0,,0,,0,,0
사업코드관리.csv,최초생성일시,S (최상),5,,0,,0,,0,,0,,0
사업코드관리.csv,last_update_dtm,A (양호),4,"TIMESTAMP 형식이며, 단일값만 있습니다.",10,,0,,0,,0,,0
사업코드관리.csv,etl_dtm,A (양호),4,"TIMESTAMP 형식이며, 단일값만 있습니다.",10,,0,,0,,0,,0
사용자.csv,사원번호,B (점검),3,코드 후보. 한글 문자가 있습니다.,15,,0,,0,,0,,0
사용자.csv,점소코드,S (최상),5,,0,,0,,0,,0,,0
사용자.csv,권한코드,S (최상),5,,0,,0,,0,,0,,0
사용자.csv,비밀번호,B (점검),3,,0,"데이터 포맷은 6777 종류인데 0 개가 0.0% 차지하며 
100.0%는 검사가 필요합니다.",20,,0,,0,데이터 길이는 2 종류인데 데이터 포맷은 6777 종류가 있습니다.,1
사용자.csv,팀명,B (점검),3, Null (0.01%)이 있습니다.,5,,0,,0,비표준 유니코드 (318건),10,,0
사용자.csv,직급,A (양호),4,,0,,0,,0,비표준 유니코드 (1건),10,,0
사용자.csv,직책,A (양호),4, Null (0.01%)이 있습니다.,5,,0,,0,,0,,0
사용자.csv,FAX번호,A (양호),4, Null (59.09%)이 있습니다.,5,,0,,0,,0,,0
사용자.csv,EMAIL,A (양호),4, Null (45.9%)이 있습니다.,5,,0,,0,,0,,0
사용자.csv,등록일자,S (최상),5,,0,,0,,0,,0,,0
사용자.csv,입사일자,A (양호),4, Null (0.34%)이 있습니다.,5,,0,,0,,0,,0
사용자.csv,사직일자,A (양호),4, Null (28.49%)이 있습니다.,5,,0,,0,,0,,0
사용자.csv,수금요원여부,S (최상),5,,0,,0,,0,,0,,0
사용자.csv,수정일자,A (양호),4, Null (59.87%)이 있습니다.,5,,0,,0,,0,,0
사용자.csv,폐기일자,A (양호),4, Null (15.41%)이 있습니다.,5,,0,,0,,0,,0
사용자.csv,폐기여부,S (최상),5,,0,,0,,0,,0,,0
사용자.csv,처리자사번,B (점검),3,,0,"데이터 포맷은 8 종류인데 1 개가 99.38% 차지하며 
0.62%는 검사가 필요합니다.",20,"데이터 길이는 2 종류인데 1 개가 99.96% 차지하며 
0.04%는 검사가 필요합니다.",20,,0,데이터 길이는 2 종류인데 데이터 포맷은 8 종류가 있습니다.,1
사용자.csv,수입금담당자여부,S (최상),5,,0,,0,,0,,0,,0
사용자.csv,수납직원여부,A (양호),4,"YN_Flag 형식이며, 단일값만 있습니다. Null (99.73%)이 있습니다.",10,,0,,0,,0,,0
사용자.csv,직책2,A (양호),4, Null (4.12%)이 있습니다.,5,,0,,0,,0,,0
사용자.csv,한웨이 ID,C (위험),2, Null (77.56%)이 있습니다.,5,"데이터 포맷은 6 종류인데 1 개가 95.11% 차지하며 
4.89%는 검사가 필요합니다.",20,"데이터 길이는 2 종류인데 1 개가 99.88% 차지하며 
0.12%는 검사가 필요합니다.",20,,0,데이터 길이는 2 종류인데 데이터 포맷은 6 종류가 있습니다.,1
사용자.csv,비밀번호이력1,C (위험),2, Null (78.51%)이 있습니다.,5,"데이터 포맷은 1540 종류인데 0 개가 0.0% 차지하며 
100.0%는 검사가 필요합니다.",20,,0,,0,데이터 길이는 2 종류인데 데이터 포맷은 1540 종류가 있습니다.,1
사용자.csv,비밀번호이력2,C (위험),2, Null (79.2%)이 있습니다.,5,"데이터 포맷은 1385 종류인데 0 개가 0.0% 차지하며 
100.0%는 검사가 필요합니다.",20,,0,,0,데이터 길이는 2 종류인데 데이터 포맷은 1385 종류가 있습니다.,1
사용자.csv,비밀번호변경일,A (양호),4, Null (74.98%)이 있습니다.,5,,0,,0,,0,,0
사용자.csv,미빌번호오류횟수,S (최상),5,,0,,0,,0,,0,,0
사용자.csv,계정근거,B (점검),3, Null (87.0%)이 있습니다.,5,,0,,0,비표준 유니코드 (1건),10,,0
사용자.csv,비매출세금계산서발급제한일,A (양호),4, Null (96.79%)이 있습니다.,5,,0,,0,,0,,0
사용자.csv,어음입금표발행제한일,A (양호),4, Null (99.82%)이 있습니다.,5,,0,,0,,0,,0
사용자.csv,접근권한 IP,A (양호),4, Null (99.78%)이 있습니다.,5,,0,,0,,0,,0
사용자.csv,사용자계정잠금여부,A (양호),4, Null (82.85%)이 있습니다.,5,,0,,0,,0,,0
사용자.csv,사용자계정잠금일자,A (양호),4, Null (90.12%)이 있습니다.,5,,0,,0,,0,,0
사용자.csv,HR시스템소속변경일자,A (양호),4, Null (85.41%)이 있습니다.,5,,0,,0,,0,,0
사용자.csv,HR시스템소속코드,C (위험),2, Null (85.59%)이 있습니다.,5,"데이터 포맷은 6 종류인데 3 개가 99.04% 차지하며 
0.96%는 검사가 필요합니다.",20,"데이터 길이는 5 종류인데 3 개가 99.33% 차지하며 
0.67%는 검사가 필요합니다.",20,,0,데이터 길이는 5 종류인데 데이터 포맷은 6 종류가 있습니다.,1
사용자.csv,비밀번호이력3,C (위험),2, Null (93.78%)이 있습니다.,5,"데이터 포맷은 429 종류인데 0 개가 0.0% 차지하며 
100.0%는 검사가 필요합니다.",20,"데이터 길이는 2 종류인데 1 개가 99.34% 차지하며 
0.66%는 검사가 필요합니다.",20,,0,데이터 길이는 2 종류인데 데이터 포맷은 429 종류가 있습니다.,1
사용자.csv,비밀번호이력4,C (위험),2, Null (94.21%)이 있습니다.,5,"데이터 포맷은 399 종류인데 0 개가 0.0% 차지하며 
100.0%는 검사가 필요합니다.",20,"데이터 길이는 2 종류인데 1 개가 99.05% 차지하며 
0.95%는 검사가 필요합니다.",20,,0,데이터 길이는 2 종류인데 데이터 포맷은 399 종류가 있습니다.,1
사용자.csv,최종변경일시,A (양호),4,단일값만 있습니다.,5,,0,,0,,0,,0
사용자.csv,ETL일시,A (양호),4,단일값만 있습니다.,5,,0,,0,,0,,0
사원기본.csv,사원번호,S (최상),5,,0,,0,,0,,0,,0
사원기본.csv,정규비정규,A (양호),4, Null (0.0%)이 있습니다.,5,,0,,0,,0,,0
사원기본.csv,소속조직코드,C (위험),2, Null (0.01%)이 있습니다.,5,"데이터 포맷은 7 종류인데 1 개가 96.85% 차지하며 
3.15%는 검사가 필요합니다.",20,"데이터 길이는 6 종류인데 1 개가 96.88% 차지하며 
3.12%는 검사가 필요합니다.",20,,0,데이터 길이는 6 종류인데 데이터 포맷은 7 종류가 있습니다.,1
사원기본.csv,직종코드,B (점검),3,,0,"데이터 포맷은 2 종류인데 1 개가 99.91% 차지하며 
0.09%는 검사가 필요합니다.",20,,0,,0,데이터 길이는 1 종류인데 데이터 포맷은 2 종류가 있습니다.,1
사원기본.csv,국내집배구역,C (위험),2, Null (56.85%)이 있습니다.,5,"데이터 포맷은 2 종류인데 1 개가 99.96% 차지하며 
0.04%는 검사가 필요합니다.",20,"데이터 길이는 2 종류인데 1 개가 99.96% 차지하며 
0.04%는 검사가 필요합니다.",20,,0,,0
사원기본.csv,사직일자,A (양호),4, Null (14.1%)이 있습니다.,5,,0,,0,,0,,0
사원기본.csv,소속회사,B (점검),3, Null (97.01%)이 있습니다.,5,,0,,0,"한글 미완성 문자 (1건),  한자 (32건) 문자가 있습니다.",10,,0
사원기본.csv,시근일자,A (양호),4, Null (1.3%)이 있습니다.,5,,0,,0,,0,,0
사원기본.csv,최종변경일시,A (양호),4,단일값만 있습니다.,5,,0,,0,,0,,0
사원기본.csv,ETL일시,A (양호),4,단일값만 있습니다.,5,,0,,0,,0,,0
사원기본.csv,연도,A (양호),4, Null (1.3%)이 있습니다.,5,,0,,0,,0,,0
사원마스터.csv,사원번호,S (최상),5,,0,,0,,0,,0,,0
사원마스터.csv,정규비정규,S (최상),5,,0,,0,,0,,0,,0
사원마스터.csv,조직코드,B (점검),3,,0,"데이터 포맷은 7 종류인데 1 개가 97.07% 차지하며 
2.93%는 검사가 필요합니다.",20,"데이터 길이는 6 종류인데 1 개가 97.12% 차지하며 
2.88%는 검사가 필요합니다.",20,,0,데이터 길이는 6 종류인데 데이터 포맷은 7 종류가 있습니다.,1
사원마스터.csv,직종코드,B (점검),3,,0,"데이터 포맷은 2 종류인데 1 개가 99.9% 차지하며 
0.1%는 검사가 필요합니다.",20,,0,,0,데이터 길이는 1 종류인데 데이터 포맷은 2 종류가 있습니다.,1
사원마스터.csv,국내집배구역,C (위험),2, Null (58.16%)이 있습니다.,5,"데이터 포맷은 2 종류인데 1 개가 99.95% 차지하며 
0.05%는 검사가 필요합니다.",20,"데이터 길이는 2 종류인데 1 개가 99.95% 차지하며 
0.05%는 검사가 필요합니다.",20,,0,,0
사원마스터.csv,사직일자,A (양호),4, Null (13.44%)이 있습니다.,5,,0,,0,,0,,0
사원마스터.csv,소속회사,C (위험),2,코드 후보. 한글 문자가 있습니다.,15,"데이터 포맷은 12 종류인데 5 개가 96.11% 차지하며 
3.89%는 검사가 필요합니다.",20,"데이터 길이는 6 종류인데 4 개가 99.3% 차지하며 
0.7%는 검사가 필요합니다.",20, 한자 (2건) 문자가 있습니다.,0,데이터 길이는 6 종류인데 데이터 포맷은 12 종류가 있습니다.,1
사원마스터.csv,근무시작일자,A (양호),4, Null (1.3%)이 있습니다.,5,,0,,0,,0,,0
사원마스터.csv,마감시간,A (양호),4, Null (99.88%)이 있습니다.,5,,0,,0,,0,,0
사원마스터.csv,마감시각여부,A (양호),4, Null (99.86%)이 있습니다.,5,,0,,0,,0,,0
사원마스터.csv,주소,A (양호),4, Null (82.37%)이 있습니다.,5,,0,,0,,0,,0
사원마스터.csv,인사시스템사번,D (심각),1,코드 후보. 유일성 100% 입니다.,40,,0,,0,,0,,0
사원마스터.csv,운전면허종류,A (양호),4, Null (78.03%)이 있습니다.,5,,0,,0,,0,,0
사원마스터.csv,화물운송종사자자격취득일,A (양호),4, Null (85.39%)이 있습니다.,5,,0,,0,,0,,0
사원마스터.csv,차량번호,C (위험),2,코드 후보. 한글 문자가 있습니다.,15,"데이터 포맷은 3 종류인데 3 개가 100.0% 차지하며 
0.0%는 검사가 필요합니다.",20,"데이터 길이는 3 종류인데 3 개가 100.0% 차지하며 
0.0%는 검사가 필요합니다.",20,,0,,0
사원마스터.csv,최종변경일시,A (양호),4,단일값만 있습니다.,5,,0,,0,,0,,0
사원마스터.csv,ETL일시,A (양호),4,단일값만 있습니다.,5,,0,,0,,0,,0
상품분류.csv,상품코드,S (최상),5,,0,,0,,0,,0,,0
상품분류.csv,사업구분,S (최상),5,,0,,0,,0,,0,,0
상품분류.csv,상품명,A (양호),4,,0,,0,,0,비표준 유니코드 (1건),10,,0
상품분류.csv,설명,B (점검),3, Null (69.74%)이 있습니다.,5,,0,,0,비표준 유니코드 (8건),10,,0
상품분류.csv,판매중지일,A (양호),4, Null (65.13%)이 있습니다.,5,,0,,0,,0,,0
상품분류.csv,화물종류,A (양호),4, Null (68.42%)이 있습니다.,5,,0,,0,,0,,0
상품분류.csv,접수시주의사항,A (양호),4, Null (59.21%)이 있습니다.,5,,0,,0,,0,,0
상품분류.csv,서비스지역 및 요율,B (점검),3, Null (92.11%)이 있습니다.,5,,0,,0,"비표준 유니코드 (11건),  한자 (1건) 문자가 있습니다.",10,,0
상품분류.csv,최종변경일시,A (양호),4,단일값만 있습니다.,5,,0,,0,,0,,0
상품분류.csv,ETL일시,A (양호),4,단일값만 있습니다.,5,,0,,0,,0,,0
상품코드.csv,상품코드,S (최상),5,,0,,0,,0,,0,,0
상품코드.csv,사업구분,S (최상),5,,0,,0,,0,,0,,0
상품코드.csv,상품명,A (양호),4,,0,,0,,0,비표준 유니코드 (1건),10,,0
상품코드.csv,설명,B (점검),3, Null (69.74%)이 있습니다.,5,,0,,0,비표준 유니코드 (8건),10,,0
상품코드.csv,판매중지일,A (양호),4, Null (65.13%)이 있습니다.,5,,0,,0,,0,,0
상품코드.csv,서비스금액,A (양호),4,단일값만 있습니다. Null (94.74%)이 있습니다.,10,,0,,0,,0,,0
상품코드.csv,화물종류,A (양호),4, Null (68.42%)이 있습니다.,5,,0,,0,,0,,0
상품코드.csv,접수시주의사항,A (양호),4, Null (59.21%)이 있습니다.,5,,0,,0,,0,,0
상품코드.csv,당일익일구분,A (양호),4, Null (38.82%)이 있습니다.,5,,0,,0,,0,,0
상품코드.csv,서비스지역 및 요율,B (점검),3, Null (92.11%)이 있습니다.,5,,0,,0,"비표준 유니코드 (11건),  한자 (1건) 문자가 있습니다.",10,,0
상품코드.csv,최종변경일시,A (양호),4,단일값만 있습니다.,5,,0,,0,,0,,0
상품코드.csv,ETL일시,A (양호),4,단일값만 있습니다.,5,,0,,0,,0,,0
선박.csv,선박코드,S (최상),5,,0,,0,,0,,0,,0
선박.csv,선박명_한글,B (점검),3, Null (9.29%)이 있습니다.,5,,0,,0,비표준 유니코드 (13건),10,,0
선박.csv,선박명_영문,B (점검),3, Null (9.33%)이 있습니다.,5,,0,,0,비표준 유니코드 (13건),10,,0
선박.csv,선사코드,A (양호),4, Null (43.96%)이 있습니다.,5,,0,,0,,0,,0
선박.csv,선박종류코드,A (양호),4, Null (9.17%)이 있습니다.,5,,0,,0,,0,,0
선박.csv,총길이,C (위험),2, Null (98.83%)이 있습니다.,5,"데이터 포맷은 3 종류인데 2 개가 97.35% 차지하며 
2.65%는 검사가 필요합니다.",20,"데이터 길이는 3 종류인데 2 개가 97.35% 차지하며 
2.65%는 검사가 필요합니다.",20,,0,,0
선박.csv,총중량,C (위험),2, Null (0.22%)이 있습니다.,5,"데이터 포맷은 6 종류인데 5 개가 98.77% 차지하며 
1.23%는 검사가 필요합니다.",20,"데이터 길이는 6 종류인데 5 개가 98.77% 차지하며 
1.23%는 검사가 필요합니다.",20,,0,,0
선박.csv,외내항구분,S (최상),5,,0,,0,,0,,0,,0
선박.csv,사용여부,S (최상),5,,0,,0,,0,,0,,0
선박.csv,비고,A (양호),4,단일값만 있습니다. Null (100.0%)이 있습니다.,10,,0,,0,,0,,0
선박.csv,처리일시,A (양호),4, Null (0.05%)이 있습니다.,5,,0,,0,,0,,0
선박.csv,최종변경일시,A (양호),4,단일값만 있습니다.,5,,0,,0,,0,,0
선박.csv,ETL일시,A (양호),4,단일값만 있습니다.,5,,0,,0,,0,,0
선석.csv,항구코드,S (최상),5,,0,,0,,0,,0,,0
선석.csv,국가코드,A (양호),4,단일값만 있습니다.,5,,0,,0,,0,,0
선석.csv,선석코드,B (점검),3,,0,"데이터 포맷은 6 종류인데 3 개가 98.67% 차지하며 
1.33%는 검사가 필요합니다.",20,,0,,0,데이터 길이는 1 종류인데 데이터 포맷은 6 종류가 있습니다.,1
선석.csv,선석명,A (양호),4,,0,,0,,0,비표준 유니코드 (2건),10,,0
선석.csv,정산용선석명,A (양호),4, Null (57.67%)이 있습니다.,5,,0,,0,,0,,0
선석.csv,수심,A (양호),4, Null (1.43%)이 있습니다.,5,,0,,0,,0,,0
선석.csv,선석길이,B (점검),3,,0,"데이터 포맷은 5 종류인데 3 개가 98.07% 차지하며 
1.93%는 검사가 필요합니다.",20,"데이터 길이는 5 종류인데 3 개가 98.07% 차지하며 
1.93%는 검사가 필요합니다.",20,,0,,0
선석.csv,업체코드,A (양호),4, Null (51.64%)이 있습니다.,5,,0,,0,,0,,0
선석.csv,항구상세코드,A (양호),4, Null (15.13%)이 있습니다.,5,,0,,0,,0,,0
선석.csv,조직코드,A (양호),4, Null (38.24%)이 있습니다.,5,,0,,0,,0,,0
선석.csv,한진소유여부,S (최상),5,,0,,0,,0,,0,,0
선석.csv,조회순번,B (점검),3,,0,"데이터 포맷은 3 종류인데 2 개가 97.24% 차지하며 
2.76%는 검사가 필요합니다.",20,"데이터 길이는 3 종류인데 2 개가 97.24% 차지하며 
2.76%는 검사가 필요합니다.",20,,0,,0
선석.csv,사용여부,S (최상),5,,0,,0,,0,,0,,0
선석.csv,비고,A (양호),4, Null (98.98%)이 있습니다.,5,,0,,0,,0,,0
선석.csv,본선구분,A (양호),4,단일값만 있습니다. Null (92.43%)이 있습니다.,10,,0,,0,,0,,0
선석.csv,최종변경일시,A (양호),4,"TIMESTAMP 형식이며, 단일값만 있습니다.",10,,0,,0,,0,,0
선석.csv,ETL일시,A (양호),4,"TIMESTAMP 형식이며, 단일값만 있습니다.",10,,0,,0,,0,,0
신용등급.csv,신용등급코드,S (최상),5,,0,,0,,0,,0,,0
신용등급.csv,신용등급명,S (최상),5,,0,,0,,0,,0,,0
신용등급.csv,FROM점수,A (양호),4, Null (16.67%)이 있습니다.,5,,0,,0,,0,,0
신용등급.csv,TO점수,A (양호),4, Null (16.67%)이 있습니다.,5,,0,,0,,0,,0
신용등급.csv,dt_reg,A (양호),4,"DATECHAR 형식이며, 단일값만 있습니다.",10,,0,,0,,0,,0
신용등급.csv,yn_abd,A (양호),4,"YN_Flag 형식이며, 단일값만 있습니다.",5,,0,,0,,0,,0
신용등급.csv,처리자사번,A (양호),4,단일값만 있습니다.,5,,0,,0,,0,,0
신용등급.csv,last_update_dtm,A (양호),4,"TIMESTAMP 형식이며, 단일값만 있습니다.",10,,0,,0,,0,,0
신용등급.csv,etl_dtm,A (양호),4,"TIMESTAMP 형식이며, 단일값만 있습니다.",10,,0,,0,,0,,0
영업소.csv,영업소코드,S (최상),5,,0,,0,,0,,0,,0
영업소.csv,영업소명,S (최상),5,,0,,0,,0,,0,,0
영업소.csv,영업소약명,B (점검),3,코드 후보. 한글 문자가 있습니다.,15,"데이터 포맷은 16 종류인데 10 개가 95.88% 차지하며 
4.12%는 검사가 필요합니다.",5,"데이터 길이는 8 종류인데 4 개가 95.19% 차지하며 
4.81%는 검사가 필요합니다.",20,,0,데이터 길이는 8 종류인데 데이터 포맷은 16 종류가 있습니다.,1
영업소.csv,건평,S (최상),5,,0,,0,,0,,0,,0
영업소.csv,우편번호,S (최상),5,,0,,0,,0,,0,,0
영업소.csv,주소,A (양호),4, Null (8.22%)이 있습니다.,5,,0,,0,,0,,0
영업소.csv,영업소등급,S (최상),5,,0,,0,,0,,0,,0
영업소.csv,업무개시일,S (최상),5,,0,,0,,0,,0,,0
영업소.csv,업무중지일,S (최상),5,,0,,0,,0,,0,,0
영업소.csv,업무종료일,S (최상),5,,0,,0,,0,,0,,0
영업소.csv,설립일자,A (양호),4, Null (0.68%)이 있습니다.,5,,0,,0,,0,,0
영업소.csv,사업자등록번호,S (최상),5,,0,,0,,0,,0,,0
영업소.csv,업태,A (양호),4, Null (1.37%)이 있습니다.,5,,0,,0,,0,,0
영업소.csv,업종,S (최상),5,,0,,0,,0,,0,,0
영업소.csv,계약영업소코드,A (양호),4, Null (47.95%)이 있습니다.,5,,0,,0,,0,,0
영업소.csv,계약구분,S (최상),5,,0,,0,,0,,0,,0
영업소.csv,보증금,S (최상),5,,0,,0,,0,,0,,0
영업소.csv,유효기간,S (최상),5,,0,,0,,0,,0,,0
영업소.csv,보험증권번호,A (양호),4, Null (68.49%)이 있습니다.,5,,0,,0,,0,,0
영업소.csv,직영가맹여부,S (최상),5,,0,,0,,0,,0,,0
영업소.csv,상위영업소코드,S (최상),5,,0,,0,,0,,0,,0
영업소.csv,집하센터코드,A (양호),4, Null (0.68%)이 있습니다.,5,,0,,0,,0,,0
영업소.csv,지역구분,S (최상),5,,0,,0,,0,,0,,0
영업소.csv,분류터미널구분,S (최상),5,,0,,0,,0,,0,,0
영업소.csv,구동분류기구분값,A (양호),4, Null (34.93%)이 있습니다.,5,,0,,0,,0,,0
영업소.csv,반품송장권역ZONE,A (양호),4, Null (16.44%)이 있습니다.,5,,0,,0,,0,,0
영업소.csv,최종변경일시,A (양호),4,단일값만 있습니다.,5,,0,,0,,0,,0
영업소.csv,ETL일시,A (양호),4,단일값만 있습니다.,5,,0,,0,,0,,0
조직_수입관리.csv,OIO_ORG_COD,S (최상),5,,0,,0,,0,,0,,0
조직_수입관리.csv,OIO_ORG_NAM,S (최상),5,,0,,0,,0,,0,,0
조직_수입관리.csv,OIO_ORG_NCD,A (양호),4, Null (2.04%)이 있습니다.,5,,0,,0,,0,,0
조직_수입관리.csv,OIO_PIN_COD,C (위험),2, Null (10.2%)이 있습니다.,5,"데이터 포맷은 4 종류인데 2 개가 96.02% 차지하며 
3.98%는 검사가 필요합니다.",20,"데이터 길이는 4 종류인데 2 개가 96.02% 차지하며 
3.98%는 검사가 필요합니다.",20,,0,,0
조직_수입관리.csv,OIO_CHG_ENO,A (양호),4,단일값만 있습니다. Null (68.88%)이 있습니다.,10,,0,,0,,0,,0
조직_수입관리.csv,OIO_CHG_MDH,B (점검),3,"TIMESTAMP 형식이며, 유니크한 값이 아닙니다.",20,,0,,0,,0,,0
조직_수입관리.csv,OIO_END_YMD,B (점검),3,"DATECHAR 형식이며, 단일값만 있습니다. Null (69.39%)이 있습니다.",15,,0,,0,,0,,0
조직_수입관리.csv,최종변경일시,A (양호),4,"TIMESTAMP 형식이며, 단일값만 있습니다.",10,,0,,0,,0,,0
조직_수입관리.csv,ETL일시,A (양호),4,"TIMESTAMP 형식이며, 단일값만 있습니다.",10,,0,,0,,0,,0
조직터미널마스터.csv,터미널조직코드,S (최상),5,,0,,0,,0,,0,,0
조직터미널마스터.csv,터미널구분코드,S (최상),5,,0,,0,,0,,0,,0
조직터미널마스터.csv,실제터미널조직코드,A (양호),4, Null (0.18%)이 있습니다.,5,,0,,0,,0,,0
조직터미널마스터.csv,unitiz_goal,C (위험),2, Null (0.18%)이 있습니다.,5,"데이터 포맷은 3 종류인데 2 개가 98.74% 차지하며 
1.26%는 검사가 필요합니다.",20,"데이터 길이는 3 종류인데 2 개가 98.74% 차지하며 
1.26%는 검사가 필요합니다.",20,,0,,0
조직터미널마스터.csv,종료목표작업시분,A (양호),4, Null (95.15%)이 있습니다.,5,,0,,0,,0,,0
조직터미널마스터.csv,터미널영문코드,D (심각),1,코드 후보. 유일성 100% 입니다.,40,,0,,0,,0,,0
조직터미널마스터.csv,load_chute_cnt,C (위험),2, Null (0.18%)이 있습니다.,5,"데이터 포맷은 3 종류인데 2 개가 96.59% 차지하며 
3.41%는 검사가 필요합니다.",20,"데이터 길이는 3 종류인데 2 개가 96.59% 차지하며 
3.41%는 검사가 필요합니다.",20,,0,,0
조직터미널마스터.csv,unload_chute_cnt,C (위험),2, Null (7.18%)이 있습니다.,5,"데이터 포맷은 2 종류인데 1 개가 96.13% 차지하며 
3.87%는 검사가 필요합니다.",20,"데이터 길이는 2 종류인데 1 개가 96.13% 차지하며 
3.87%는 검사가 필요합니다.",20,,0,,0
조직터미널마스터.csv,wheel_sorter_install_yn,S (최상),5,,0,,0,,0,,0,,0
조직터미널마스터.csv,usage_cat_cd,A (양호),4, Null (44.34%)이 있습니다.,5,,0,,0,,0,,0
조직터미널마스터.csv,등록일시,A (양호),4, Null (95.15%)이 있습니다.,5,,0,,0,,0,,0
조직터미널마스터.csv,등록사원번호,A (양호),4, Null (95.15%)이 있습니다.,5,,0,,0,,0,,0
조직터미널마스터.csv,최종사원업데이트일시,B (점검),3,"TIMESTAMP 형식이며, 유니크한 값이 아닙니다.",20,,0,,0,,0,,0
조직터미널마스터.csv,최종업데이트사원번호,A (양호),4, Null (0.18%)이 있습니다.,5,,0,,0,,0,,0
조직터미널마스터.csv,생성일시,B (점검),3,"TIMESTAMP 형식이며, 유니크한 값이 아닙니다.",20,,0,,0,,0,,0
조직터미널마스터.csv,생성시스템ID,A (양호),4, Null (78.1%)이 있습니다.,5,,0,,0,,0,,0
조직터미널마스터.csv,최종업데이트시스템ID,A (양호),4,단일값만 있습니다.,5,,0,,0,,0,,0
조직터미널마스터.csv,최종업데이트일시,B (점검),3,"TIMESTAMP 형식이며, 유니크한 값이 아닙니다.",20,,0,,0,,0,,0
조직터미널마스터.csv,ETL일시,A (양호),4,"TIMESTAMP 형식이며, 단일값만 있습니다.",10,,0,,0,,0,,0
지점코드.csv,OIO_ORG_COD,S (최상),5,,0,,0,,0,,0,,0
지점코드.csv,OIO_ORG_NAM,S (최상),5,,0,,0,,0,,0,,0
지점코드.csv,OIO_ORG_NCD,A (양호),4, Null (2.04%)이 있습니다.,5,,0,,0,,0,,0
지점코드.csv,OIO_PIN_COD,C (위험),2, Null (10.2%)이 있습니다.,5,"데이터 포맷은 4 종류인데 2 개가 96.02% 차지하며 
3.98%는 검사가 필요합니다.",20,"데이터 길이는 4 종류인데 2 개가 96.02% 차지하며 
3.98%는 검사가 필요합니다.",20,,0,,0
지점코드.csv,최종변경일시,A (양호),4,단일값만 있습니다.,5,,0,,0,,0,,0
지점코드.csv,ETL일시,A (양호),4,단일값만 있습니다.,5,,0,,0,,0,,0
택배_고객.csv,고객번호,S (최상),5,,0,,0,,0,,0,,0
택배_고객.csv,개인기업고객구분,A (양호),4,단일값만 있습니다. Null (0.45%)이 있습니다.,10,,0,,0,,0,,0
택배_고객.csv,사업구분,A (양호),4, Null (0.39%)이 있습니다.,5,,0,,0,,0,,0
택배_고객.csv,한글고객명,B (점검),3, Null (0.48%)이 있습니다.,5,,0,,0,"비표준 유니코드 (315건),  한자 (14건) 문자가 있습니다.",10,,0
택배_고객.csv,영문고객명,B (점검),3, Null (94.29%)이 있습니다.,5,,0,,0,한글 미완성 문자 (3건),10,,0
택배_고객.csv,국가코드,A (양호),4, Null (14.84%)이 있습니다.,5,,0,,0,,0,,0
택배_고객.csv,주민_사업자등록번호,C (위험),2, Null (0.46%)이 있습니다.,5,"데이터 포맷은 2 종류인데 1 개가 99.99% 차지하며 
0.01%는 검사가 필요합니다.",20,"데이터 길이는 2 종류인데 1 개가 99.99% 차지하며 
0.01%는 검사가 필요합니다.",20,,0,,0
택배_고객.csv,사업자등록우편번호,C (위험),2, Null (1.85%)이 있습니다.,5,"데이터 포맷은 3 종류인데 1 개가 96.93% 차지하며 
3.07%는 검사가 필요합니다.",20,"데이터 길이는 2 종류인데 1 개가 96.93% 차지하며 
3.07%는 검사가 필요합니다.",20,,0,데이터 길이는 2 종류인데 데이터 포맷은 3 종류가 있습니다.,1
택배_고객.csv,고객 청구부서,C (위험),2, Null (36.49%)이 있습니다.,5,,0,,0,한글 미완성 문자 (45건) 와 비표준 유니코드 (43건),20,,0
택배_고객.csv,고객 청구지우편번호,C (위험),2, Null (1.19%)이 있습니다.,5,"데이터 포맷은 3 종류인데 1 개가 98.46% 차지하며 
1.54%는 검사가 필요합니다.",20,"데이터 길이는 3 종류인데 1 개가 98.46% 차지하며 
1.54%는 검사가 필요합니다.",20,,0,,0
택배_고객.csv,판매일,A (양호),4, Null (0.53%)이 있습니다.,5,,0,,0,,0,,0
택배_고객.csv,판매점소,C (위험),2, Null (0.79%)이 있습니다.,5,"데이터 포맷은 4 종류인데 1 개가 97.62% 차지하며 
2.38%는 검사가 필요합니다.",20,"데이터 길이는 4 종류인데 1 개가 97.62% 차지하며 
2.38%는 검사가 필요합니다.",20,,0,,0
택배_고객.csv,판매원사번,C (위험),2, Null (1.84%)이 있습니다.,5,"데이터 포맷은 2 종류인데 1 개가 99.92% 차지하며 
0.08%는 검사가 필요합니다.",20,,0,,0,데이터 길이는 1 종류인데 데이터 포맷은 2 종류가 있습니다.,1
택배_고객.csv,담당부서,B (점검),3, Null (11.43%)이 있습니다.,5,,0,,0,비표준 유니코드 (23건),10,,0
택배_고객.csv,집하지우편번호,C (위험),2, Null (2.46%)이 있습니다.,5,"데이터 포맷은 2 종류인데 1 개가 99.1% 차지하며 
0.9%는 검사가 필요합니다.",20,"데이터 길이는 2 종류인데 1 개가 99.1% 차지하며 
0.9%는 검사가 필요합니다.",20,,0,,0
택배_고객.csv,수입조직,A (양호),4, Null (0.9%)이 있습니다.,5,,0,,0,,0,,0
택배_고객.csv,화주구분,A (양호),4, Null (6.61%)이 있습니다.,5,,0,,0,,0,,0
택배_고객.csv,업종구분,A (양호),4, Null (15.86%)이 있습니다.,5,,0,,0,,0,,0
택배_고객.csv,업종상세내역,C (위험),2, Null (10.64%)이 있습니다.,5,,0,,0,"한글 미완성 문자 (7건) 와 비표준 유니코드 (24건),  한자 (64건) 문자가 있습니다.",20,,0
택배_고객.csv,계약단가,C (위험),2, Null (15.17%)이 있습니다.,5,"데이터 포맷은 5 종류인데 2 개가 98.0% 차지하며 
2.0%는 검사가 필요합니다.",20,"데이터 길이는 5 종류인데 2 개가 98.0% 차지하며 
2.0%는 검사가 필요합니다.",20,,0,,0
택배_고객.csv,월예상물량,C (위험),2, Null (15.42%)이 있습니다.,5,"데이터 포맷은 7 종류인데 4 개가 95.51% 차지하며 
4.49%는 검사가 필요합니다.",20,"데이터 길이는 7 종류인데 4 개가 95.51% 차지하며 
4.49%는 검사가 필요합니다.",20,,0,,0
택배_고객.csv,최종변경일시,A (양호),4,단일값만 있습니다.,5,,0,,0,,0,,0
택배_고객.csv,ETL일시,A (양호),4,단일값만 있습니다.,5,,0,,0,,0,,0
택배_조직도.csv,조직코드,S (최상),5,,0,,0,,0,,0,,0
택배_조직도.csv,상위조직코드,C (위험),2, Null (0.76%)이 있습니다.,5,"데이터 포맷은 6 종류인데 3 개가 98.69% 차지하며 
1.31%는 검사가 필요합니다.",20,"데이터 길이는 5 종류인데 3 개가 98.71% 차지하며 
1.29%는 검사가 필요합니다.",20,,0,데이터 길이는 5 종류인데 데이터 포맷은 6 종류가 있습니다.,1
택배_조직도.csv,조직명,A (양호),4,,0,,0,,0,한글 미완성 문자 (1건),10,,0
택배_조직도.csv,조직구분코드,B (점검),3,,0,"데이터 포맷은 10 종류인데 4 개가 95.86% 차지하며 
4.14%는 검사가 필요합니다.",20,"데이터 길이는 9 종류인데 4 개가 95.86% 차지하며 
4.14%는 검사가 필요합니다.",20,,0,데이터 길이는 9 종류인데 데이터 포맷은 10 종류가 있습니다.,1
택배_조직도.csv,조직관리유형코드,A (양호),4, Null (0.03%)이 있습니다.,5,,0,,0,,0,,0
택배_조직도.csv,조직권역구분코드,A (양호),4, Null (0.36%)이 있습니다.,5,,0,,0,,0,,0
택배_조직도.csv,조직권역구분상세코드,A (양호),4, Null (99.95%)이 있습니다.,5,,0,,0,,0,,0
택배_조직도.csv,조직계약시작일자,A (양호),4, Null (47.78%)이 있습니다.,5,,0,,0,,0,,0
택배_조직도.csv,조직계약종료일자,A (양호),4, Null (75.55%)이 있습니다.,5,,0,,0,,0,,0
택배_조직도.csv,조직폐쇄일자,A (양호),4, Null (72.16%)이 있습니다.,5,,0,,0,,0,,0
택배_조직도.csv,영문조직명,A (양호),4, Null (17.57%)이 있습니다.,5,,0,,0,,0,,0
택배_조직도.csv,팩스번호,B (점검),3,코드 후보. 한글 문자가 있습니다.,15,"데이터 포맷은 23 종류인데 8 개가 95.83% 차지하며 
4.17%는 검사가 필요합니다.",5,"데이터 길이는 12 종류인데 5 개가 96.28% 차지하며 
3.72%는 검사가 필요합니다.",20,,0,데이터 길이는 12 종류인데 데이터 포맷은 23 종류가 있습니다.,1
택배_조직도.csv,우편번호,A (양호),4, Null (9.25%)이 있습니다.,5,,0,,0,,0,,0
택배_조직도.csv,기본주소,B (점검),3, Null (48.38%)이 있습니다.,5,,0,,0,비표준 유니코드 (1건),10,,0
택배_조직도.csv,상세주소,C (위험),2, Null (30.03%)이 있습니다.,5,,0,,0,"한글 미완성 문자 (34건) 와 비표준 유니코드 (6건),  한자 (2건) 문자가 있습니다.",20,,0
택배_조직도.csv,수입조직코드,A (양호),4, Null (21.79%)이 있습니다.,5,,0,,0,,0,,0
택배_조직도.csv,수입신규조직코드,A (양호),4, Null (21.79%)이 있습니다.,5,,0,,0,,0,,0
택배_조직도.csv,좌표구분코드,A (양호),4, Null (68.46%)이 있습니다.,5,,0,,0,,0,,0
택배_조직도.csv,X좌표,C (위험),2, Null (68.46%)이 있습니다.,5,"데이터 포맷은 5 종류인데 2 개가 95.62% 차지하며 
4.38%는 검사가 필요합니다.",20,"데이터 길이는 5 종류인데 2 개가 95.62% 차지하며 
4.38%는 검사가 필요합니다.",20,,0,,0
택배_조직도.csv,Y좌표,C (위험),2, Null (68.46%)이 있습니다.,5,"데이터 포맷은 7 종류인데 2 개가 95.62% 차지하며 
4.38%는 검사가 필요합니다.",20,"데이터 길이는 5 종류인데 2 개가 96.45% 차지하며 
3.55%는 검사가 필요합니다.",20,,0,데이터 길이는 5 종류인데 데이터 포맷은 7 종류가 있습니다.,1
택배_조직도.csv,사업자등록번호,A (양호),4, Null (49.82%)이 있습니다.,5,,0,,0,,0,,0
택배_조직도.csv,정렬순서,C (위험),2, Null (97.84%)이 있습니다.,5,"데이터 포맷은 2 종류인데 1 개가 95.18% 차지하며 
4.82%는 검사가 필요합니다.",20,"데이터 길이는 2 종류인데 1 개가 95.18% 차지하며 
4.82%는 검사가 필요합니다.",20,,0,,0
택배_조직도.csv,ERP코드,C (위험),2, Null (98.75%)이 있습니다.,5,"데이터 포맷은 2 종류인데 1 개가 95.83% 차지하며 
4.17%는 검사가 필요합니다.",20,"데이터 길이는 2 종류인데 1 개가 95.83% 차지하며 
4.17%는 검사가 필요합니다.",20,,0,,0
택배_조직도.csv,예약접수마감시분,A (양호),4, Null (10.71%)이 있습니다.,5,,0,,0,,0,,0
택배_조직도.csv,조직중구분코드,C (위험),2, Null (48.2%)이 있습니다.,5,"데이터 포맷은 3 종류인데 2 개가 95.42% 차지하며 
4.58%는 검사가 필요합니다.",20,,0,,0,데이터 길이는 2 종류인데 데이터 포맷은 3 종류가 있습니다.,1
택배_조직도.csv,조직상태,S (최상),5,,0,,0,,0,,0,,0
택배_조직도.csv,등록일시,B (점검),3,"TIMESTAMP 형식이며, 유니크한 값이 아닙니다.",20,,0,,0,,0,,0
택배_조직도.csv,등록사원번호,A (양호),4, Null (97.13%)이 있습니다.,5,,0,,0,,0,,0
택배_조직도.csv,사원최종업데이트일시,B (점검),3,"TIMESTAMP 형식이며, 유니크한 값이 아닙니다.",20,,0,,0,,0,,0
택배_조직도.csv,최종업데이트사원번호,A (양호),4, Null (8.24%)이 있습니다.,5,,0,,0,,0,,0
택배_조직도.csv,오전배송가능여부,A (양호),4, Null (8.92%)이 있습니다.,5,,0,,0,,0,,0
택배_조직도.csv,create_dtm,B (점검),3,"TIMESTAMP 형식이며, 유니크한 값이 아닙니다.",20,,0,,0,,0,,0
택배_조직도.csv,등록사용자ID,B (점검),3,,0,"데이터 포맷은 3 종류인데 2 개가 97.13% 차지하며 
2.87%는 검사가 필요합니다.",20,"데이터 길이는 2 종류인데 1 개가 97.13% 차지하며 
2.87%는 검사가 필요합니다.",20,,0,데이터 길이는 2 종류인데 데이터 포맷은 3 종류가 있습니다.,1
택배_조직도.csv,최종변경사용자ID,C (위험),2, Null (11.78%)이 있습니다.,5,"데이터 포맷은 4 종류인데 2 개가 97.96% 차지하며 
2.04%는 검사가 필요합니다.",20,"데이터 길이는 3 종류인데 2 개가 99.77% 차지하며 
0.23%는 검사가 필요합니다.",20,,0,데이터 길이는 3 종류인데 데이터 포맷은 4 종류가 있습니다.,1
택배_조직도.csv,last_update_dtm,B (점검),3,"TIMESTAMP 형식이며, 유니크한 값이 아닙니다.",20,,0,,0,,0,,0
택배_조직도.csv,etl_dtm,A (양호),4,"TIMESTAMP 형식이며, 단일값만 있습니다.",10,,0,,0,,0,,0
