ColumnName,OracleType,ConnectionCount,exclusive
ETL일시,DATE,27,1
최종변경일시,DATE,26,1
최초생성자ID,VARCHAR2(3),12,1
최초생성일시,DATE,12,1
최종갱신자ID,VARCHAR2(5),9,1
정렬순서,NUMBER(4),9,1
사용여부,VARCHAR2(1),8,1
우편번호,VARCHAR2(6),7,0
주소,VARCHAR2(60),6,1
사업자등록번호,VARCHAR2(10),6,0
고객명,VARCHAR2(43),5,1
사업구분,VARCHAR2(1),5,1
last_update_dtm,DATE,4,1
조직코드,VARCHAR2(7),4,0
etl_dtm,DATE,4,1
국가코드,VARCHAR2(2),4,0
등록일시,DATE,4,1
팩스번호,VARCHAR2(14),4,0
담당부서,VARCHAR2(10),3,0
집하지우편번호,VARCHAR2(6),3,0
판매원사번,VARCHAR2(7),3,0
수입조직,VARCHAR2(4),3,0
법인번호,VARCHAR2(13),3,0
조직권역구분코드,VARCHAR2(2),3,0
상위조직코드,VARCHAR2(7),3,0
조직구분코드,VARCHAR2(10),3,0
조직관리유형코드,VARCHAR2(10),3,0
판매일,DATE,3,1
조직계약시작일자,DATE,3,1
조직폐쇄일자,DATE,3,1
영문조직명,VARCHAR2(30),3,0
기본주소,VARCHAR2(42),3,0
설명,VARCHAR2(255),3,0
계약구분,VARCHAR2(3),3,0
업태,VARCHAR2(26),3,0
판매점소,VARCHAR2(7),3,0
조직계약종료일자,DATE,3,1
폐기일자,DATE,3,1
영문고객명,VARCHAR2(41),3,0
사직일자,DATE,3,1
고객번호,VARCHAR2(7),3,0
사원번호,VARCHAR2(7),3,0
처리자사번,NUMBER(7),3,0
폐기여부,VARCHAR2(1),2,0
OIO_ORG_NAM,VARCHAR2(12),2,0
OIO_INC_ORG,VARCHAR2(255),2,0
OIO_ORG_NCD,VARCHAR2(4),2,0
OIO_PIN_COD,VARCHAR2(8),2,0
청구지주소,VARCHAR2(60),2,0
사업코드,VARCHAR2(4),2,0
귀속부서조직GROUP코드,VARCHAR2(10),2,0
수정일자,DATE,2,1
등록일자,DATE,2,1
전화번호,VARCHAR2(8),2,0
시도,VARCHAR2(5),2,0
상품코드,VARCHAR2(3),2,0
청구지우편번호,VARCHAR2(6),2,0
OIO_ORG_COD,VARCHAR2(5),2,0
계정코드,VARCHAR2(6),2,0
사업유형코드,VARCHAR2(5),2,0
소속회사,VARCHAR2(7),2,0
국내집배구역,VARCHAR2(7),2,0
직종코드,VARCHAR2(2),2,0
계약종료일,DATE,2,1
계약개시일,DATE,2,1
최종사원업데이트일시,DATE,2,1
업종,VARCHAR2(29),2,0
정규비정규,VARCHAR2(1),2,0
개인기업고객구분,VARCHAR2(1),2,0
서비스지역 및 요율,VARCHAR2(2314),2,0
수정자 사번,VARCHAR2(255),2,0
사업자번호,VARCHAR2(10),2,0
등록사용자ID,VARCHAR2(7),2,0
배부계정GROUP코드,VARCHAR2(7),2,0
고객구분코드,VARCHAR2(7),2,0
Email,VARCHAR2(28),2,0
Tel,VARCHAR2(12),2,0
상위계정과목코드,VARCHAR2(6),2,0
최종수정일시,VARCHAR2(7),2,1
상세주소,VARCHAR2(37),2,0
화물종류,VARCHAR2(1),2,0
판매중지일,DATE,2,1
조직명,VARCHAR2(13),2,0
상품명,VARCHAR2(20),2,0
계정과목코드,VARCHAR2(6),2,0
집하점소,VARCHAR2(4),2,0
최종변경자사번,VARCHAR2(7),2,0
수금점소,VARCHAR2(5),2,0
처리일시,NUMBER(14),2,0
청구점소,VARCHAR2(5),2,0
계약기간종료일,DATE,2,1
1ST_STREET,VARCHAR2(50),2,0
집하지주소,VARCHAR2(55),2,0
차량번호,VARCHAR2(9),2,0
계정과목명,VARCHAR2(19),2,0
주민_사업자등록번호,VARCHAR2(10),2,0
청구부서,VARCHAR2(10),2,0
등록사원번호,VARCHAR2(7),2,0
팀명,VARCHAR2(11),2,0
비고,VARCHAR2(8),2,0
X좌표,"NUMBER(11,5)",2,0
최종업데이트사원번호,VARCHAR2(7),2,0
최종수정자,NUMBER(7),2,0
최수정일시,VARCHAR2(7),2,0
소사업코드,VARCHAR2(3),2,0
Y좌표,"NUMBER(11,5)",2,0
소사업명,VARCHAR2(12),2,0
사업명,VARCHAR2(12),2,0
좌표구분코드,VARCHAR2(6),2,0
수입신규조직코드,VARCHAR2(4),2,0
수입조직코드,VARCHAR2(5),2,0
접수시주의사항,VARCHAR2(69),2,0
마감시간,VARCHAR2(4),1,0
시근일자,DATE,1,1
인사시스템사번,NUMBER(7),1,0
근무시작일자,DATE,1,1
서비스금액,VARCHAR2(1),1,0
운전면허종류,VARCHAR2(2),1,0
연도,NUMBER(4),1,0
배송이상지역,VARCHAR2(255),1,0
화물운송종사자자격취득일,DATE,1,1
마감시각여부,VARCHAR2(1),1,0
직책2,VARCHAR2(1),1,0
국제집배구역,VARCHAR2(255),1,0
권한코드,VARCHAR2(1),1,0
입사일자,DATE,1,1
EMAIL,VARCHAR2(25),1,0
FAX번호,VARCHAR2(13),1,0
직책,VARCHAR2(1),1,0
직급,VARCHAR2(10),1,0
한글성명,VARCHAR2(255),1,0
비밀번호,VARCHAR2(64),1,0
점소코드,VARCHAR2(4),1,0
소속조직코드,VARCHAR2(7),1,0
business_level6_name,VARCHAR2(11),1,0
business_level6_cd,VARCHAR2(3),1,0
business_level5_name,VARCHAR2(11),1,0
business_level5_cd,VARCHAR2(3),1,0
중사업명,VARCHAR2(7),1,0
중사업코드,VARCHAR2(3),1,0
대사업명,VARCHAR2(7),1,0
수금요원여부,VARCHAR2(1),1,0
수입금담당자여부,VARCHAR2(1),1,0
수납직원여부,VARCHAR2(1),1,0
최종수정일,VARCHAR2(255),1,0
비밀번호이력4,VARCHAR2(64),1,0
비밀번호이력3,VARCHAR2(64),1,0
HR시스템소속코드,VARCHAR2(9),1,0
HR시스템소속변경일자,DATE,1,1
사용자계정잠금일자,DATE,1,1
사용자계정잠금여부,VARCHAR2(1),1,0
접근권한 IP,VARCHAR2(27),1,0
어음입금표발행제한일,DATE,1,1
비매출세금계산서발급제한일,DATE,1,1
계정근거,VARCHAR2(50),1,0
미빌번호오류횟수,VARCHAR2(1),1,0
비밀번호변경일,DATE,1,1
비밀번호이력2,VARCHAR2(64),1,0
비밀번호이력1,VARCHAR2(64),1,0
한웨이 ID,VARCHAR2(7),1,0
당일익일구분,VARCHAR2(1),1,0
영업소명,VARCHAR2(12),1,0
수정자 터미널코드,VARCHAR2(255),1,0
첨부파일ID,VARCHAR2(255),1,0
최종업데이트시스템ID,VARCHAR2(5),1,0
생성시스템ID,VARCHAR2(7),1,0
생성일시,DATE,1,1
usage_cat_cd,VARCHAR2(7),1,0
wheel_sorter_install_yn,VARCHAR2(1),1,0
unload_chute_cnt,NUMBER(2),1,0
load_chute_cnt,NUMBER(3),1,0
loading_place_addr,VARCHAR2(255),1,0
터미널영문코드,VARCHAR2(2),1,0
종료목표작업시분,VARCHAR2(3),1,0
반품송장권역ZONE,VARCHAR2(1),1,0
unitiz_goal,NUMBER(3),1,0
대표집배조직코드,VARCHAR2(255),1,0
실제터미널조직코드,VARCHAR2(3),1,0
터미널구분코드,VARCHAR2(9),1,0
터미널조직코드,VARCHAR2(3),1,0
OIO_END_YMD,DATE,1,1
OIO_CHG_MDH,DATE,1,1
OIO_CHG_ENO,VARCHAR2(7),1,0
OIO_RGT_MDH,VARCHAR2(255),1,0
최종업데이트일시,DATE,1,1
한글고객명,VARCHAR2(36),1,0
사업자등록우편번호,VARCHAR2(6),1,0
고객 청구부서,VARCHAR2(13),1,0
create_dtm,DATE,1,1
오전배송가능여부,VARCHAR2(1),1,0
사원최종업데이트일시,DATE,1,1
수수료대상여부,VARCHAR2(255),1,0
적용종료일자,VARCHAR2(255),1,0
적용시작일자,VARCHAR2(255),1,0
사업장관리번호,VARCHAR2(255),1,0
조직상태,VARCHAR2(5),1,0
조직중구분코드,VARCHAR2(2),1,0
예약접수마감시분,NUMBER(4),1,0
ERP코드,VARCHAR2(6),1,0
조직권역구분상세코드,VARCHAR2(2),1,0
월예상물량,NUMBER(7),1,0
계약단가,NUMBER(5),1,0
업종상세내역,VARCHAR2(26),1,0
업종구분,NUMBER(2),1,0
일정DC율,VARCHAR2(255),1,0
화주구분,VARCHAR2(1),1,0
고객 청구지우편번호,VARCHAR2(6),1,0
OIO_RGT_ENO,VARCHAR2(255),1,0
구동분류기구분값,VARCHAR2(1),1,0
선박코드,VARCHAR2(10),1,0
정산용선석명,VARCHAR2(16),1,0
신용등급코드,VARCHAR2(1),1,0
본선구분,VARCHAR2(1),1,0
조회순번,NUMBER(3),1,0
한진소유여부,VARCHAR2(1),1,0
항구상세코드,VARCHAR2(8),1,0
업체코드,VARCHAR2(8),1,0
접안능력,VARCHAR2(255),1,0
선석길이,"NUMBER(5,1)",1,0
수심,VARCHAR2(11),1,0
선석명,VARCHAR2(17),1,0
분류터미널구분,VARCHAR2(1),1,0
선석코드,VARCHAR2(6),1,0
항구코드,VARCHAR2(3),1,0
외내항구분,VARCHAR2(1),1,0
총중량,NUMBER(6),1,0
총길이,NUMBER(3),1,0
선박종류코드,VARCHAR2(2),1,0
선사코드,VARCHAR2(9),1,0
선박명_영문,VARCHAR2(32),1,0
선박명_한글,VARCHAR2(32),1,0
신용등급명,VARCHAR2(4),1,0
FROM점수,NUMBER(2),1,0
TO점수,NUMBER(3),1,0
dt_reg,DATE,1,1
지역구분,VARCHAR2(2),1,0
집하센터코드,VARCHAR2(3),1,0
상위영업소코드,VARCHAR2(3),1,0
직영가맹여부,VARCHAR2(1),1,0
보험증권번호,VARCHAR2(9),1,0
유효기간,DATE,1,1
보증금,NUMBER(8),1,0
계약영업소코드,VARCHAR2(3),1,0
설립일자,DATE,1,1
업무종료일,DATE,1,1
업무중지일,DATE,1,1
업무개시일,DATE,1,1
영업소등급,VARCHAR2(1),1,0
건평,NUMBER(3),1,0
영업소약명,VARCHAR2(9),1,0
전사업명,VARCHAR2(6),1,0
영업소코드,VARCHAR2(3),1,0
yn_abd,VARCHAR2(1),1,1
dt_adjt,VARCHAR2(255),1,1
대사업코드,VARCHAR2(3),1,0
CONTRACT_NO,"NUMBER(8,1)",1,0
전사업코드,VARCHAR2(3),1,0
사업자명,VARCHAR2(17),1,0
계약명,VARCHAR2(31),1,0
PRM계약번호,VARCHAR2(11),1,0
대상 정보 (생년월일 / 성별 구분),VARCHAR2(23),1,0
주민등록번호(마스킹),VARCHAR2(14),1,0
주민등록번호 (노출),VARCHAR2(14),1,0
Unnamed: 30,VARCHAR2(255),1,0
Driver_License,VARCHAR2(15),1,0
NetworkID,VARCHAR2(39),1,0
유선전화,VARCHAR2(12),1,0
MOBILE,VARCHAR2(13),1,0
ADID_IDFA,VARCHAR2(36),1,0
ADID_GAID,VARCHAR2(36),1,0
표기법,VARCHAR2(10),1,0
MAC 주소 (Sample),VARCHAR2(17),1,0
유형.1,VARCHAR2(10),1,0
IP 주소,VARCHAR2(39),1,0
분류,VARCHAR2(5),1,0
계약형태,VARCHAR2(1),1,0
계약등록일,DATE,1,1
Bank,VARCHAR2(6),1,0
최초계약일,DATE,1,1
YYYYMMDD,DATE,1,1
Name2,VARCHAR2(3),1,0
YearMonth,VARCHAR2(6),1,0
Year,NUMBER(4),1,0
Address,VARCHAR2(17),1,0
Desc,VARCHAR2(21),1,0
Cell Phone,VARCHAR2(13),1,0
Addr,VARCHAR2(20),1,0
Country,VARCHAR2(3),1,0
Age,VARCHAR2(2),1,0
SexE,VARCHAR2(1),1,0
Sex,VARCHAR2(1),1,0
Name,VARCHAR2(3),1,0
ID,VARCHAR2(2),1,0
운영점소,VARCHAR2(7),1,0
운영점소중,VARCHAR2(6),1,0
운영점소대,VARCHAR2(5),1,0
의료/건강,VARCHAR2(22),1,0
계좌번호 (Account),VARCHAR2(17),1,0
업체명,VARCHAR2(11),1,0
DEVELOP_ORG,"NUMBER(5,1)",1,0
PRICE,NUMBER(5),1,0
PAY_TYPE,VARCHAR2(6),1,0
COST_ORG,VARCHAR2(4),1,0
CORRECT_ORG,VARCHAR2(5),1,0
REQUEST_ORG,VARCHAR2(5),1,0
EMP_NO,NUMBER(7),1,0
ORG_CODE,VARCHAR2(4),1,0
END_DATE,DATE,1,0
START_DATE,DATE,1,1
RETURN_ADDR,VARCHAR2(48),1,0
RETURN_ZIP,VARCHAR2(7),1,0
ADDR,VARCHAR2(48),1,0
ZIP,VARCHAR2(6),1,0
SALES_EMP,"NUMBER(8,1)",1,0
CONTRACT_ORG_CD,VARCHAR2(7),1,0
CONTRACT_DATE,DATE,1,1
CUST_NO,NUMBER(10),1,0
COMMISION,NUMBER(4),1,0
IMAGE,VARCHAR2(1),1,0
카드브랜드,VARCHAR2(8),1,0
GOOD_YN,VARCHAR2(1),1,0
카드번호 (Card No.),VARCHAR2(19),1,0
기타샘플데이터,VARCHAR2(23),1,0
구분,VARCHAR2(5),1,0
성별/연대,VARCHAR2(11),1,0
외국인등록번호 (ALRN),VARCHAR2(14),1,0
지역,VARCHAR2(2),1,0
유형,VARCHAR2(2),1,0
여권번호 (Passport No.),VARCHAR2(9),1,0
휴대전화번호,VARCHAR2(13),1,0
고객주소,VARCHAR2(32),1,0
나이,VARCHAR2(2),1,0
Gender,VARCHAR2(1),1,0
집하지소번지,VARCHAR2(7),1,0
집하지대번지,VARCHAR2(7),1,0
ENT_DATE,VARCHAR2(16),1,0
UPDATE_EMP,"NUMBER(8,1)",1,0
ENT_EMP,VARCHAR2(7),1,0
YYMMDD,VARCHAR2(6),1,0
TimeStamp,DATE,1,0
ERP_COA_DIVS,NUMBER(3),1,0
기업사업자등록번호,VARCHAR2(10),1,0
기업고객번호,VARCHAR2(7),1,0
create_time,VARCHAR2(7),1,0
관리회계계정속성값2,VARCHAR2(39),1,0
관리회계계정속성값1,VARCHAR2(2),1,0
관리회계계정유형코드,VARCHAR2(7),1,0
관리회계상위계정코드,VARCHAR2(6),1,0
계정명,VARCHAR2(19),1,0
관리회계계정코드,VARCHAR2(6),1,0
귀속부서조직코드,VARCHAR2(7),1,0
귀속부서조직GROUP명,VARCHAR2(19),1,0
유효종료일자V,DATE,1,1
사업LEVEL코드,VARCHAR2(1),1,0
상위사업코드,VARCHAR2(3),1,0
CUSTOMER,VARCHAR2(41),1,0
유효시작일자V,DATE,1,1
배부계정GROUP명,VARCHAR2(5),1,0
변경사용자ID,VARCHAR2(7),1,0
기업고객명,VARCHAR2(43),1,0
기업우편번호,VARCHAR2(6),1,0
고객유형코드,VARCHAR2(3),1,0
기업법인번호,VARCHAR2(13),1,0
ERP_COA_ACCOUNT,VARCHAR2(6),1,0
면세청구대상여부,VARCHAR2(1),1,0
기타미수금여부,VARCHAR2(1),1,0
부대청구대상여부,VARCHAR2(1),1,0
영문CHARCE명,VARCHAR2(41),1,0
한글CHARGE명,VARCHAR2(16),1,0
사업구분영문명,VARCHAR2(45),1,0
사업구분한글명,VARCHAR2(16),1,0
사업입체구분,VARCHAR2(1),1,0
사업구분코드,VARCHAR2(3),1,0
법인명,VARCHAR2(29),1,0
배송점명,VARCHAR2(13),1,0
배송점코드,VARCHAR2(7),1,0
사유명(영문),VARCHAR2(30),1,0
사유명,VARCHAR2(16),1,0
작업코드,VARCHAR2(2),1,0
사유코드,VARCHAR2(2),1,0
고객유형명,VARCHAR2(6),1,0
SFDC고객ID,VARCHAR2(18),1,0
주민등록번호,VARCHAR2(13),1,0
사업자,VARCHAR2(32),1,0
총장명,VARCHAR2(18),1,0
학교개교일,DATE,1,0
경도,"NUMBER(13,10)",1,0
위도,"NUMBER(12,10)",1,0
지번주소,VARCHAR2(28),1,0
학교명(영문),VARCHAR2(122),1,0
학교명(한자),VARCHAR2(51),1,0
홈페이지,VARCHAR2(109),1,0
주야구분,VARCHAR2(7),1,0
설립,VARCHAR2(5),1,0
시군구,VARCHAR2(7),1,0
본분교,VARCHAR2(9),1,0
학교상태,VARCHAR2(6),1,0
대학원구분,VARCHAR2(5),1,0
학제,VARCHAR2(9),1,0
학교명,VARCHAR2(33),1,0
학교코드,VARCHAR2(8),1,0
코드,VARCHAR2(7),1,0
GEN_TIMESTAMP,DATE,1,0
거래중지사유,VARCHAR2(14),1,0
계약적용월,VARCHAR2(6),1,0
거래중지여부,VARCHAR2(1),1,0
업종명,VARCHAR2(37),1,0
법인등록번호,VARCHAR2(13),1,0
하위계정과목명,VARCHAR2(14),1,0
하위계정과목코드,VARCHAR2(6),1,0
상위계정과목명,VARCHAR2(5),1,0
수익비용구분명,VARCHAR2(2),1,0
수익비용구분코드,VARCHAR2(6),1,0
계정속성값2,VARCHAR2(39),1,0
계정속성값1,VARCHAR2(2),1,0
계정유형코드,VARCHAR2(7),1,0
ESB_STATUS,VARCHAR2(1),1,0
예상물량년,NUMBER(9),1,0
물량단위,VARCHAR2(6),1,0
팀코드,VARCHAR2(7),1,0
계약번호,VARCHAR2(12),1,0
계약관리번호,VARCHAR2(12),1,0
최종변경사용자ID,VARCHAR2(7),1,0
