FileName,TargetColumn,TimestampColumn,TotalRows,ChangeCount,EventTimestamp,BeforeValue,AfterValue,BeforeFormat,AfterFormat
CUSTOMER.csv,판매원사번,TimeStamp,10000,4,2026-02-07 09:06:56.000,1590901,HJT0103,nnnnnnn,AAAnnnn
CUSTOMER.csv,판매원사번,TimeStamp,10000,4,2026-02-07 09:07:26.000,HJT0103,1110130,AAAnnnn,nnnnnnn
CUSTOMER.csv,판매원사번,TimeStamp,10000,4,2026-02-07 11:47:26.000,9505580,HJT0103,nnnnnnn,AAAnnnn
CUSTOMER.csv,판매원사번,TimeStamp,10000,4,2026-02-07 11:47:56.000,HJT0103,9402164,AAAnnnn,nnnnnnn
Z코드변동성예제.csv,코드,TimeStamp,202,2,2026-02-05 13:16:00.000,514721,A12831,nnnnnn,Annnnn
Z코드변동성예제.csv,코드,TimeStamp,202,2,2026-02-05 14:11:00.000,A12151,BB21210,Annnnn,AAnnnnn
계정과목코드.csv,상위계정과목코드,TimeStamp,410,4,2026-02-05 13:38:56.000,420000,0,nnnnnn,n
계정과목코드.csv,상위계정과목코드,TimeStamp,410,4,2026-02-05 13:39:26.000,0,421100,n,nnnnnn
계정과목코드.csv,상위계정과목코드,TimeStamp,410,4,2026-02-05 13:57:56.000,515100,0,nnnnnn,n
계정과목코드.csv,상위계정과목코드,TimeStamp,410,4,2026-02-05 13:58:26.000,0,514600,n,nnnnnn
계정코드관리.csv,정렬순서,최초생성일시,330,2,2023-12-12 21:42:24.450,90,100,nn,nnn
계정코드관리.csv,정렬순서,최초생성일시,330,2,2023-12-12 21:42:24.542,990,1000,nnn,nnnn
관리회계BI_사업.csv,대사업코드,최초생성일시,207,1,2023-12-01 09:18:22.330,0,701,n,nnn
관리회계BI_사업.csv,중사업코드,최초생성일시,207,1,2023-12-01 09:18:22.330,0,601,n,nnn
관리회계BI_사업.csv,소사업코드,최초생성일시,207,1,2023-12-01 09:18:22.330,0,401,n,nnn
관리회계BI_사업.csv,사업코드,최초생성일시,207,1,2023-12-01 09:18:22.330,0,101,n,nnn
관리회계BI_조직.csv,본부코드,최초생성일시,420,8,2023-12-08 14:50:31.018,T,HJH009,A,AAAnnn
관리회계BI_조직.csv,본부코드,최초생성일시,420,8,2023-12-08 14:50:31.020,HJH009,SELDL,AAAnnn,AAAAA
관리회계BI_조직.csv,본부코드,최초생성일시,420,8,2023-12-08 14:50:31.025,SELDP,HJH009,AAAAA,AAAnnn
관리회계BI_조직.csv,본부코드,최초생성일시,420,8,2023-12-08 14:50:31.073,HJH009,SELDS,AAAnnn,AAAAA
관리회계BI_조직.csv,본부코드,최초생성일시,420,8,2023-12-08 14:50:31.087,SELDS,HJH009,AAAAA,AAAnnn
관리회계BI_조직.csv,본부코드,최초생성일시,420,8,2023-12-08 14:50:31.093,HJH009,SELDS,AAAnnn,AAAAA
관리회계BI_조직.csv,본부코드,최초생성일시,420,8,2023-12-08 14:50:31.094,SELDS,HJH009,AAAAA,AAAnnn
관리회계BI_조직.csv,본부코드,최초생성일시,420,8,2023-12-08 14:50:31.098,HJH009,SELDS,AAAnnn,AAAAA
관리회계BI_조직.csv,지부코드,최초생성일시,420,7,2023-12-08 14:50:31.018,T,HJH009,A,AAAnnn
관리회계BI_조직.csv,지부코드,최초생성일시,420,7,2023-12-08 14:50:31.020,HJH009,SELDL,AAAnnn,AAAAA
관리회계BI_조직.csv,지부코드,최초생성일시,420,7,2023-12-08 14:50:31.071,SELMQ,HJH010,AAAAA,AAAnnn
관리회계BI_조직.csv,지부코드,최초생성일시,420,7,2023-12-08 14:50:31.071,HJH010,SELMQ,AAAnnn,AAAAA
관리회계BI_조직.csv,지부코드,최초생성일시,420,7,2023-12-08 14:50:31.072,SELMQ,SELUPA,AAAAA,AAAAAA
관리회계BI_조직.csv,지부코드,최초생성일시,420,7,2023-12-08 14:50:31.073,SELUPA,SELIP,AAAAAA,AAAAA
관리회계BI_조직.csv,지부코드,최초생성일시,420,7,2023-12-08 14:50:31.385,SELGD,SELDPZ,AAAAA,AAAAAA
관리회계QLIK_조직.csv,지부코드,TimeStamp,398,5,2026-02-05 16:02:56.000,SELBI,SELUPA,AAAAA,AAAAAA
관리회계QLIK_조직.csv,지부코드,TimeStamp,398,5,2026-02-05 16:03:26.000,SELUPA,SELXW,AAAAAA,AAAAA
관리회계QLIK_조직.csv,지부코드,TimeStamp,398,5,2026-02-05 16:07:26.000,SELMQ,HJH010,AAAAA,AAAnnn
관리회계QLIK_조직.csv,지부코드,TimeStamp,398,5,2026-02-05 16:07:56.000,HJH010,SELFS,AAAnnn,AAAAA
관리회계QLIK_조직.csv,지부코드,TimeStamp,398,5,2026-02-05 16:21:56.000,SELAB,SELDPZ,AAAAA,AAAAAA
관리회계QLIK_조직.csv,본부코드,TimeStamp,398,2,2026-02-05 15:50:26.000,SELDS,HJH009,AAAAA,AAAnnn
관리회계QLIK_조직.csv,본부코드,TimeStamp,398,2,2026-02-05 16:21:56.000,HJH009,SELDP,AAAnnn,AAAAA
관리회계_공통코드.csv,최초생성자ID,최초생성일시,114,3,2020-11-11 10:38:03.420,hanjin,admin,aaaaaa,aaaaa
관리회계_공통코드.csv,최초생성자ID,최초생성일시,114,3,2020-11-26 09:15:32.598,admin,hanjin,aaaaa,aaaaaa
관리회계_공통코드.csv,최초생성자ID,최초생성일시,114,3,2023-01-13 16:18:07.092,hanjin,epark,aaaaaa,aaaaa
관리회계_조직그룹상세.csv,정렬순서,최초생성일시,349,2,2023-11-27 17:26:02.351,90,110,nn,nnn
관리회계_조직그룹상세.csv,정렬순서,최초생성일시,349,2,2023-11-27 17:26:02.424,990,1010,nnn,nnnn
관리회계계정.csv,관리회계상위계정코드,TimeStamp,410,4,2026-02-05 13:38:56.000,420000,0,nnnnnn,n
관리회계계정.csv,관리회계상위계정코드,TimeStamp,410,4,2026-02-05 13:39:26.000,0,421100,n,nnnnnn
관리회계계정.csv,관리회계상위계정코드,TimeStamp,410,4,2026-02-05 13:57:56.000,515100,0,nnnnnn,n
관리회계계정.csv,관리회계상위계정코드,TimeStamp,410,4,2026-02-05 13:58:26.000,0,514600,n,nnnnnn
사업코드관리.csv,정렬순서,최초생성일시,346,2,2023-12-19 14:11:46.106,90,100,nn,nnn
사업코드관리.csv,정렬순서,최초생성일시,346,2,2023-12-19 14:11:47.162,990,1000,nnn,nnnn
영업소.csv,영업소코드,TimeStamp,146,1,2026-02-05 14:21:26.000,999,B01,nnn,Ann
조직코드관리.csv,본부코드,최초생성일시,420,3,2023-12-12 21:49:29.175,HJH009,SELDS,AAAnnn,AAAAA
조직코드관리.csv,본부코드,최초생성일시,420,3,2023-12-12 21:49:29.197,SELDS,HJH009,AAAAA,AAAnnn
조직코드관리.csv,본부코드,최초생성일시,420,3,2023-12-12 21:49:29.197,HJH009,SELDS,AAAnnn,AAAAA
조직코드관리.csv,지부코드,최초생성일시,420,6,2023-12-12 21:49:29.120,HJH009,DIREC,AAAnnn,AAAAA
조직코드관리.csv,지부코드,최초생성일시,420,6,2023-12-12 21:49:29.172,SELIB,HJH010,AAAAA,AAAnnn
조직코드관리.csv,지부코드,최초생성일시,420,6,2023-12-12 21:49:29.173,HJH010,SELUPA,AAAnnn,AAAAAA
조직코드관리.csv,지부코드,최초생성일시,420,6,2023-12-12 21:49:29.174,SELUPA,RENT,AAAAAA,AAAA
조직코드관리.csv,지부코드,최초생성일시,420,6,2023-12-12 21:49:29.175,RENT,SELDS,AAAA,AAAAA
조직코드관리.csv,지부코드,최초생성일시,420,6,2023-12-12 21:49:29.488,SELDP,SELDPZ,AAAAA,AAAAAA
조직코드관리.csv,정렬순서,최초생성일시,420,2,2023-12-12 21:49:29.129,90,100,nn,nnn
조직코드관리.csv,정렬순서,최초생성일시,420,2,2023-12-12 21:49:29.207,990,1000,nnn,nnnn
조직터미널마스터.csv,터미널조직코드,등록일시,557,5,2023-09-15 14:53:00.000,484,81,nnn,nn
조직터미널마스터.csv,터미널조직코드,등록일시,557,5,2023-10-31 13:11:47.000,81,868,nn,nnn
조직터미널마스터.csv,터미널조직코드,등록일시,557,5,,485,0,nnn,n
조직터미널마스터.csv,터미널조직코드,등록일시,557,5,,9,10,n,nn
조직터미널마스터.csv,터미널조직코드,등록일시,557,5,,83,100,nn,nnn
택배BI_조직.csv,지부코드,최종변경일시,2692,3,,SEWSE,HQRSQHT,AAAAA,AAAAAAA
택배BI_조직.csv,지부코드,최종변경일시,2692,3,,HQREQHT,JCNHQ,AAAAAAA,AAAAA
택배BI_조직.csv,지부코드,최종변경일시,2692,3,,HJT,SELHQ,AAA,AAAAA
