FileName,ColumnName,TotalRows,ChangeCount,Status
COMPANY.csv,CompanyID,1474,103,HighNoise
CONTRACT.csv,CONTRACT_ORG_CD,10000,3482,HighNoise
CONTRACT.csv,SALES_EMP,10000,3064,HighNoise
CONTRACT.csv,SALES_TYPE,10000,442,HighNoise
CONTRACT.csv,ORG_CODE,10000,567,HighNoise
CONTRACT.csv,CORRECT_ORG,10000,254,HighNoise
CONTRACT.csv,PAY_TYPE,10000,4809,HighNoise
CONTRACT.csv,DEVELOP_ORG,10000,13,HighNoise
CONTRACT.csv,ENT_EMP,10000,5014,HighNoise
CONTRACT.csv,UPDATE_EMP,10000,277,HighNoise
CUSTOMER.csv,고객번호,10000,3532,HighNoise
CUSTOMER.csv,판매점소,10000,5022,HighNoise
CUSTOMER.csv,판매원사번,10000,4,Success
CUSTOMER.csv,최종변경자사번,10000,446,HighNoise
CUSTOMER.csv,집하점소,10000,10,HighNoise
ORGNIZATION.csv,상위조직코드,3836,1186,HighNoise
ORGNIZATION.csv,좌표구분코드,3836,246,HighNoise
PRM계약.csv,운영점소대,3825,520,HighNoise
PRM계약.csv,운영점소중,3825,104,HighNoise
PRM계약.csv,운영점소,3825,1004,HighNoise
Z검증용데이터.csv,ID,1906,678,HighNoise
Z검증용데이터.csv,판매점소,1906,926,HighNoise
Z검증용데이터.csv,수량,1906,612,HighNoise
Z검증용데이터.csv,단가,1906,306,HighNoise
Z검증용데이터.csv,금액,1906,653,HighNoise
Z코드변동성예제.csv,코드,202,2,Success
개인고객.csv,개인고객번호,2272,18,HighNoise
개인고객.csv,판매점소,2272,240,HighNoise
개인고객.csv,최종변경자사번,2272,1168,HighNoise
계약마스터.csv,계약관리번호,10000,4893,HighNoise
계약마스터.csv,계약번호,10000,897,HighNoise
계약마스터.csv,팀코드,10000,1106,HighNoise
계약마스터.csv,예상물량년,10000,6143,HighNoise
계정과목코드.csv,상위계정과목코드,410,4,Success
계정코드관리.csv,정렬순서,330,2,Success
고객마스터.csv,고객구분코드,10000,1394,HighNoise
관리회계BI_사업.csv,대사업코드,207,1,Success
관리회계BI_사업.csv,중사업코드,207,1,Success
관리회계BI_사업.csv,소사업코드,207,1,Success
관리회계BI_사업.csv,사업코드,207,1,Success
관리회계BI_조직.csv,본부코드,420,8,Success
관리회계BI_조직.csv,지부코드,420,7,Success
관리회계BI_조직.csv,지점코드,420,121,HighNoise
관리회계BI_조직.csv,팀센터코드,420,155,HighNoise
관리회계BI_조직.csv,귀속부서조직코드,420,155,HighNoise
관리회계QLIK_조직.csv,귀속부서조직코드,398,238,HighNoise
관리회계QLIK_조직.csv,지점코드,398,193,HighNoise
관리회계QLIK_조직.csv,지부코드,398,5,Success
관리회계QLIK_조직.csv,본부코드,398,2,Success
관리회계_고객.csv,최초생성자ID,10000,6252,HighNoise
관리회계_고객.csv,최종갱신자ID,10000,6776,HighNoise
관리회계_공통코드.csv,최초생성자ID,114,3,Success
관리회계_공통코드.csv,최종갱신자ID,114,12,HighNoise
관리회계_사업.csv,사업코드,412,40,HighNoise
관리회계_사업.csv,정렬순서,412,94,HighNoise
관리회계_조직.csv,부서조직코드,420,258,HighNoise
관리회계_조직.csv,상위부서조직코드,420,117,HighNoise
관리회계_조직.csv,정렬순서,420,159,HighNoise
관리회계_조직그룹상세.csv,귀속부서조직코드,349,149,HighNoise
관리회계_조직그룹상세.csv,정렬순서,349,2,Success
관리회계계정.csv,관리회계상위계정코드,410,4,Success
관리회계계정.csv,정렬순서,410,151,HighNoise
기업고객.csv,기업고객번호,7392,3093,HighNoise
기업고객.csv,판매점소,7392,2334,HighNoise
기업고객.csv,판매원사번,7392,3952,HighNoise
기업고객.csv,청구점소,7392,165,HighNoise
기업고객.csv,수금점소,7392,327,HighNoise
기업고객.csv,최종변경자사번,7392,3783,HighNoise
기업고객.csv,집하점소,7392,323,HighNoise
배송점.csv,배송점코드,2530,64,HighNoise
법인정보.csv,최초생성자ID,21844,16,HighNoise
법인정보.csv,최종갱신자ID,21844,329,HighNoise
사업구분.csv,사업구분코드,357,186,HighNoise
사업구분.csv,처리자사번,357,112,HighNoise
사업코드관리.csv,정렬순서,346,2,Success
사용자.csv,처리자사번,7287,86,HighNoise
사용자.csv,한웨이 ID,7287,22,HighNoise
사원기본.csv,사원번호,132328,2236,HighNoise
사원기본.csv,소속조직코드,132328,4066,HighNoise
사원마스터.csv,사원번호,10000,3027,HighNoise
사원마스터.csv,조직코드,10000,574,HighNoise
상품분류.csv,상품코드,152,47,HighNoise
상품코드.csv,상품코드,152,47,HighNoise
선석.csv,조회순번,978,44,HighNoise
수입관리_고객.csv,고객번호,10000,34,HighNoise
수입관리_고객.csv,등록자사번,10000,511,HighNoise
수입관리점소.csv,처리자사번,358,118,HighNoise
영업소.csv,영업소코드,146,1,Success
영업소.csv,건평,146,47,HighNoise
영업소.csv,우편번호,146,24,HighNoise
영업소.csv,보증금,146,10,HighNoise
원가인명정보.csv,직원번호,67463,25277,HighNoise
원가인명정보.csv,전월급여조직코드,67463,33738,HighNoise
원가인명정보.csv,급여조직코드,67463,35669,HighNoise
원가인명정보.csv,귀속부서조직코드,67463,33250,HighNoise
조직_수입관리.csv,OIO_PIN_COD,196,39,HighNoise
조직코드관리.csv,본부코드,420,3,Success
조직코드관리.csv,지부코드,420,6,Success
조직코드관리.csv,지점코드,420,113,HighNoise
조직코드관리.csv,팀센터코드,420,173,HighNoise
조직코드관리.csv,정렬순서,420,2,Success
조직터미널마스터.csv,터미널조직코드,557,5,Success
조직터미널마스터.csv,usage_cat_cd,557,126,HighNoise
조직터미널마스터.csv,생성시스템ID,557,0,Stable
지점코드.csv,OIO_PIN_COD,196,36,HighNoise
택배BI_조직.csv,사업본부코드,2692,0,Stable
택배BI_조직.csv,지부코드,2692,3,Success
택배BI_조직.csv,지점코드,2692,16,HighNoise
택배_고객.csv,고객번호,86277,1636,HighNoise
택배_고객.csv,주민_사업자등록번호,86277,22,HighNoise
택배_고객.csv,판매점소,86277,3593,HighNoise
택배_고객.csv,판매원사번,86277,84,HighNoise
택배_조직도.csv,상위조직코드,3836,1180,HighNoise
택배_조직도.csv,좌표구분코드,3836,228,HighNoise
택배_조직도.csv,ERP코드,3836,0,Stable
택배_조직도.csv,조직상태,3836,1166,HighNoise
택배_조직도.csv,등록사용자ID,3836,247,HighNoise
택배_조직도.csv,최종변경사용자ID,3836,1021,HighNoise
